id,modelName,make_id,category_id,created_at,updated_at,photo_file_name,photo_content_type,photo_file_size,photo_updated_at,maketemp,categorytemp,servicelife
1,33250A,1,1,2011-06-24 10:01:47,2011-07-07 19:43:54,Agilent 33250A.jpg,image/pjpeg,100791,2011-07-07 19:43:54,Agilent,FUNCTION GENERATOR,0
2,PB99100 NEXUS ONE,2,2,2011-06-24 10:01:47,2011-07-13 14:37:20,Google PB99100.jpg,image/pjpeg,19338,2011-07-13 14:37:20,Google,SMART PHONE,0
3,A855 DROID,3,2,2011-06-24 10:01:47,2011-07-13 18:04:09,Motorola A855.jpg,image/pjpeg,24638,2011-07-13 18:04:09,Motorola,SMART PHONE,0
4,A955 DROID 2,3,2,2011-06-24 10:01:47,2011-07-13 18:05:00,Motorola A955.jpg,image/pjpeg,12307,2011-07-13 18:05:00,Motorola,SMART PHONE,0
5,Optiplex 755,4,3,2011-06-24 10:01:47,2013-03-06 14:30:04,Dell 755.jpg,image/jpeg,55344,2013-03-06 14:30:04,Dell,COMPUTER, DESKTOP,0
6,Optiplex 760,4,3,2011-06-24 10:01:47,2011-07-07 20:05:30,Dell Optiplex 760.jpg,image/pjpeg,2118,2011-07-07 20:05:30,Dell,COMPUTER, DESKTOP,0
7,Optiplex 960,4,3,2011-06-24 10:01:47,2011-07-07 20:07:16,Dell Optiplex 960.jpg,image/pjpeg,36633,2011-07-07 20:07:16,Dell,COMPUTER, DESKTOP,0
8,Optiplex GX620,4,3,2011-06-24 10:01:47,2011-07-13 13:04:30,Dell gx620.jpg,image/pjpeg,27707,2011-07-13 13:04:30,Dell,COMPUTER, DESKTOP,0
10,Precision M65,4,4,2011-06-24 10:01:47,2011-07-13 13:19:19,Dell M65.jpg,image/pjpeg,32538,2011-07-13 13:19:19,Dell,COMPUTER, LAPTOP,0
11,KG-175D,5,5,2011-06-24 10:01:47,2011-07-08 20:34:09,General Dynamics KG-175D.jpg,image/pjpeg,11045,2011-07-08 20:34:09,General Dynamics,ENCRYPT-DECRYPT EQUIPMENT,0
12,MT500,6,6,2011-06-24 10:01:47,2011-07-13 14:29:20,Fantom MT500.jpg,image/pjpeg,10162,2011-07-13 14:29:19,Fantom Drives,EXTERNAL DRIVE, PORTABLE,0
13,1901FP,4,7,2011-06-24 10:01:47,2011-07-13 13:53:14,Dell 1901fp.jpg,image/pjpeg,23829,2011-07-13 13:53:13,Dell,MONITOR,0
14,Elvis II,7,8,2011-06-24 10:01:47,2011-07-13 18:09:46,National Instruments Elvis II.jpg,image/pjpeg,60365,2011-07-13 18:09:46,National Instruments,E.L.V.I.S.,0
15,33120A,1,1,2011-06-24 10:01:47,2011-07-07 19:43:13,Agilent 33120A.jpg,image/pjpeg,43660,2011-07-07 19:43:13,Agilent,FUNCTION GENERATOR,0
16,54622D,1,9,2011-06-24 10:01:47,2011-07-05 17:14:53,Agilent 54622D.jpg,image/pjpeg,7799,2011-07-05 17:14:53,Agilent,OSCILLOSCOPE,0
17,E3631A,1,10,2011-06-24 10:01:47,2011-07-07 19:15:00,Agilent E3631A.jpg,image/pjpeg,137434,2011-07-07 19:15:00,Agilent,POWER SUPPLY, DC,0
18,34405A,1,11,2011-06-24 10:01:47,2011-07-07 19:51:38,Agilent 34405A.jpg,image/pjpeg,31832,2011-07-07 19:51:37,Agilent,MULTIMETER, BENCH,0
19,U1241A,1,12,2011-06-24 10:01:47,2011-07-07 19:52:21,Agilent U1241A.jpg,image/pjpeg,755690,2011-07-07 19:52:20,Agilent,MULTIMETER, HAND,0
20,MSO6052A,1,9,2011-06-24 10:01:47,2011-07-07 19:08:20,Agilent MSO6052A.jpg,image/pjpeg,27309,2011-07-07 19:08:20,Agilent,OSCILLOSCOPE,0
21,U1602A,1,13,2011-06-24 10:01:47,2011-07-07 19:13:09,Agilent U1602A.jpg,image/pjpeg,193209,2011-07-07 19:13:09,Agilent,OSCILLOSCOPE, HAND,0
22,SG80,8,14,2011-06-24 10:01:47,2011-07-15 20:15:53,Sencore SG80.jpg,image/pjpeg,39020,2011-07-15 20:15:53,Sencore,ANALYZER, AM/FM STEREO,0
23,VA62A,8,15,2011-06-24 10:01:47,2011-07-15 20:16:08,Sencore VA62A.jpg,image/pjpeg,21096,2011-07-15 20:16:08,Sencore,ANALYZER, VIDEO,0
24,PowerEdge 1750,4,16,2011-06-24 10:01:47,2012-02-27 15:29:02,Dell 1750.jpg,image/pjpeg,45749,2011-07-13 13:22:50,Dell,COMPUTER, SERVER,0
25,PowerEdge 2950,4,16,2011-06-24 10:01:47,2012-02-27 15:30:07,Dell 2950.jpg,image/pjpeg,36235,2011-07-13 13:36:47,Dell,COMPUTER, SERVER,0
26,1910,9,17,2011-06-24 10:01:47,2011-07-15 20:36:00,Tektronix 1910.jpg,image/pjpeg,624369,2011-07-15 20:36:00,Tektronix,DIGITAL GENERATOR,0
27,5384A,10,18,2011-06-24 10:01:47,2011-07-11 18:38:52,HP-Agilent 5384A.jpg,image/pjpeg,69035,2011-07-11 18:38:52,HP-Agilent,FREQUENCY COUNTER,0
28,IB72,8,19,2011-06-24 10:01:47,2011-07-15 20:16:23,Sencore IB72.jpg,image/pjpeg,12040,2011-07-15 20:16:23,Sencore,IEEE 488 BUS INTERFACE,0
29,LC76,8,20,2011-06-24 10:01:47,2011-07-15 20:19:10,Sencore LC76.jpg,image/pjpeg,17707,2011-07-15 20:19:10,Sencore,LCR METER,0
30,MW-1,11,21,2011-06-24 10:01:47,2011-06-24 10:01:47,NULL,NULL,NULL,NULL,DEGEM,MICROWAVE TRAINER KIT,0
31,X-845A,12,21,2011-06-24 10:01:47,2011-06-24 10:01:47,NULL,NULL,NULL,NULL,FXR,MICROWAVE TRAINER KIT,0
32,NT64,8,22,2011-06-24 10:01:47,2011-07-15 20:20:27,Sencore NT64.jpg,image/pjpeg,12451,2011-07-15 20:20:27,Sencore,PATTERN GENERATOR,0
33,VC63,8,23,2011-06-24 10:01:47,2011-07-15 20:21:37,Sencore VC63.jpg,image/pjpeg,40991,2011-07-15 20:21:36,Sencore,VCR TEST ACCESSORY,0
34,ST65,8,24,2011-06-24 10:01:47,2011-07-15 20:23:05,Sencore ST65.jpg,image/pjpeg,26930,2011-07-15 20:23:05,Sencore,VIDEO ANALYZER STEREO TV ADDER,0
35,HVC-2200,13,25,2011-06-24 10:01:47,2011-07-15 20:45:58,Trinicon HVC-2200.jpg,image/pjpeg,182218,2011-07-15 20:45:58,Trinicon,VIDEO CAMERA,0
36,VM700 A,9,26,2011-06-24 10:01:47,2011-07-15 20:38:08,Tektronix VM700A.jpg,image/pjpeg,16902,2011-07-15 20:38:08,Tektronix,VIDEO MEASUREMENT SET,0
37,RG67,8,27,2011-06-24 10:01:47,2011-07-15 20:25:35,Sencore RG67.jpg,image/pjpeg,45025,2011-07-15 20:25:35,Sencore,VIDEO MONITOR ADAPTOR,0
38,1740,9,28,2011-06-24 10:01:47,2011-07-15 20:40:11,Tektronix 1740.jpg,image/pjpeg,7699,2011-07-15 20:40:11,Tektronix,WAVEFORM/VECTOR MONITOR,0
39,7200xp,14,29,2011-06-24 10:01:47,2011-07-13 16:06:03,Logical 7200XP.jpg,image/pjpeg,492937,2011-07-13 16:06:02,Logic Device,CHIP PROGRAMMER,0
40,iMac 11,1,15,3,2011-06-24 10:01:47,2011-07-13 12:46:03,Apple imac 11,1.jpg,image/pjpeg,15892,2011-07-13 12:46:03,Apple,COMPUTER, DESKTOP,0
41,Macbook Pro,15,4,2011-06-24 10:01:47,2011-07-13 12:57:24,Apple Macbook Pro.jpg,image/pjpeg,47835,2011-07-13 12:57:24,Apple,COMPUTER, LAPTOP,0
42,Latitude E6410,4,4,2011-06-24 10:01:47,2011-07-07 20:06:58,Dell E6410.jpg,image/pjpeg,32912,2011-07-07 20:06:58,Dell,COMPUTER, LAPTOP,0
43,Precision M2400,4,4,2011-06-24 10:01:47,2011-07-13 13:17:03,Dell M2400.jpg,image/pjpeg,16370,2011-07-13 13:17:03,Dell,COMPUTER, LAPTOP,0
44,IPAD 2,15,30,2011-06-24 10:01:47,2011-09-28 15:45:25,Apple iPad 2.jpg,image/pjpeg,73581,2011-07-13 12:58:36,APPLE,IPAD 2,0
46,2408WFPb,4,7,2011-06-24 10:01:47,2011-07-13 14:09:48,Dell 2408wfpb.jpg,image/pjpeg,16011,2011-07-13 14:09:48,Dell,MONITOR,0
47,MSO6054A,1,9,2011-06-24 10:01:47,2011-07-07 19:08:55,Agilent MSO6054A.jpg,image/pjpeg,48594,2011-07-07 19:08:55,Agilent,OSCILLOSCOPE,0
48,3500,16,31,2011-06-24 10:01:47,2011-07-11 20:15:19,Lexel Laser 3500.jpg,image/pjpeg,18423,2011-07-11 20:15:19,Lexel Laser,ARGON LASER,0
49,33737,17,32,2011-06-24 10:01:47,2011-07-07 20:11:39,ElectroImpulse 33737.jpg,image/pjpeg,540614,2011-07-07 20:11:38,Electro Impulse, Inc.,HEAT EXCHANGER,0
50,4263B,1,20,2011-06-24 10:01:47,2011-07-07 19:50:55,Agilent 4263B.jpg,image/pjpeg,16615,2011-07-07 19:50:55,Agilent,LCR METER,0
51,34410A,1,11,2011-06-24 10:01:47,2016-09-19 12:49:59,Agilent 34410A.jpg,image/jpeg,212987,2016-09-19 12:49:59,Agilent,MULTIMETER, BENCH,0
52,ML9001A,18,33,2011-06-24 10:01:47,2011-07-07 19:59:43,Anritsu ML9001A.jpg,image/pjpeg,9536,2011-07-07 19:59:43,Anritsu,OPTICAL POWER METER,0
54,6000,21,35,2011-06-24 10:01:47,2011-07-13 16:07:00,Micromanipulator 6000.jpg,image/pjpeg,95345,2011-07-13 16:06:59,Micromanipulator,PROBE STATION,0
55,ROM 5145,22,36,2011-06-24 10:01:47,2011-07-11 19:29:22,iRobot 5145.jpg,image/pjpeg,65047,2011-07-11 19:29:22,iRobot,CONTROL UNIT, PACKBOT,0
56,E2210H,4,7,2011-06-24 10:01:47,2011-07-13 14:13:49,Dell e2210h.jpg,image/pjpeg,2913,2011-07-13 14:13:49,Dell,MONITOR,0
57,PackBot 510,22,37,2011-06-24 10:01:47,2011-07-11 19:32:28,iRobot PackBot 510.jpg,image/pjpeg,347157,2011-07-11 19:32:26,iRobot,ROBOT, PACKBOT,0
58,N4375B,1,38,2011-06-24 10:01:47,2011-07-07 19:39:57,Agilent N4375B.jpg,image/pjpeg,249829,2011-07-07 19:39:57,Agilent,ANALYZER, LIGHTWAVE COMPONENT,0
59,N5242A,1,39,2011-06-24 10:01:47,2011-07-07 19:41:13,Agilent N5242A.gif,image/gif,210215,2011-07-07 19:41:13,Agilent,ANALYZER, NETWORK,0
60,33220A,1,1,2011-06-24 10:01:47,2011-07-07 19:43:36,Agilent 33220A.jpg,image/pjpeg,124440,2011-07-07 19:43:35,Agilent,FUNCTION GENERATOR,0
61,E5810A,1,40,2011-06-24 10:01:47,2011-07-07 19:44:09,Agilent E5810A.jpg,image/pjpeg,5669,2011-07-07 19:44:09,Agilent,LAN GPIB GATEWAY,0
62,DSO6012A,1,9,2011-06-24 10:01:47,2011-07-05 17:15:50,Agilent DSO6012A.jpg,image/pjpeg,60817,2011-07-05 17:15:50,Agilent,OSCILLOSCOPE,0
63,MSO6012A,1,9,2011-06-24 10:01:47,2017-10-31 15:23:01,Agilent MSO6012A.jpg,image/pjpeg,49916,2011-07-05 17:24:40,Agilent,OSCILLOSCOPE,10
64,E9340A,1,41,2011-06-24 10:01:47,2011-07-07 19:51:15,Agilent E9340A.jpg,image/pjpeg,28667,2011-07-07 19:51:15,Agilent,LOGIC ANALYZER,0
65,1909wb,4,7,2011-06-24 10:01:47,2013-02-11 14:53:26,Dell 1909wb.jpg,image/jpeg,22088,2013-02-11 14:53:26,Dell,MONITOR,0
66,54621D,1,9,2011-06-24 10:01:47,2011-07-05 17:14:23,Agilent 54621D.jpg,image/pjpeg,29065,2011-07-05 17:14:23,Agilent,OSCILLOSCOPE,0
67,1682A,23,10,2011-06-24 10:01:47,2011-07-07 20:02:03,BK Precision 1682A.jpg,image/pjpeg,35719,2011-07-07 20:02:03,BK Precision,POWER SUPPLY, DC,0
68,8510C,10,39,2011-06-24 10:01:47,2011-07-11 18:38:14,HP-Agilent 8510C.jpg,image/pjpeg,15694,2011-07-11 18:38:13,HP-Agilent,ANALYZER, NETWORK,0
69,A8000,24,42,2011-06-24 10:01:47,2011-07-11 18:55:08,IFR A8000.jpg,image/pjpeg,8569,2011-07-11 18:55:08,IFR,ANALYZER, SPECTRUM,0
70,PXIe-1062Q/8108/5610/5442,7,43,2011-06-24 10:01:47,2011-07-13 18:12:18,NI PXIe.jpg,image/pjpeg,19561,2011-07-13 18:12:18,National Instruments,GPS SIMULATOR,0
71,4285A,10,20,2011-06-24 10:01:47,2011-07-11 18:41:16,HP-Agilent 4285A.jpg,image/pjpeg,14536,2011-07-11 18:41:16,HP-Agilent,LCR METER,0
72,AB797,25,44,2011-06-24 10:01:47,2011-07-07 20:01:31,Bosch Lomb (generic).jpg,image/pjpeg,316911,2011-07-07 20:01:31,Bausch & Lomb,MICROSCOPE, MONOCULAR,0
73,RS 3000,20,34,2011-06-24 10:01:47,2011-07-15 19:56:40,Newport 3000.jpg,image/pjpeg,6404,2011-07-15 19:56:40,Newport,OPTICAL TABLE,0
74,E3620A,1,10,2011-06-24 10:01:47,2011-07-07 19:14:00,Agilent E3620A.jpg,image/pjpeg,222003,2011-07-07 19:14:00,Agilent,POWER SUPPLY, DC,0
75,N4906B,1,45,2011-06-24 10:01:47,2011-07-07 19:15:53,Agilent N4906B.jpg,image/pjpeg,140179,2011-07-07 19:15:53,Agilent,SERIAL BERT,0
76,69147B-11,18,46,2011-06-24 10:01:47,2011-07-07 20:00:20,Anritsu 69147B.jpg,image/pjpeg,7609,2011-07-07 20:00:20,Anritsu,SIGNAL GENERATOR,0
77,8702D,26,38,2011-06-24 10:01:47,2011-07-11 17:19:41,HP 8702D.JPG,image/pjpeg,12238,2011-07-11 17:19:41,HP,ANALYZER, LIGHTWAVE COMPONENT,0
78,86146B,1,47,2011-06-24 10:01:47,2011-07-07 19:41:35,Agilent 86146B.jpg,image/pjpeg,328197,2011-07-07 19:41:34,Agilent,ANALYZER, OPTICAL SPECTRUM,0
79,8563E,26,42,2011-06-24 10:01:47,2011-07-11 17:20:28,HP 8563E.jpg,image/pjpeg,357179,2011-07-11 17:20:28,HP,ANALYZER, SPECTRUM,0
80,MS9030A,18,48,2011-06-24 10:01:47,2011-07-07 19:59:27,Anritsu MS9030A.jpg,image/pjpeg,7906,2011-07-07 19:59:27,Anritsu,DISPLAY UNIT, OPTICAL SPECTRUM ANALYZER,0
81,N21080-1SAS,27,49,2011-06-24 10:01:47,2014-05-21 15:40:23,Neos N2180-1SAS.JPG,image/jpeg,1420491,2014-05-21 15:40:23,Neos,DRIVER,0
82,HPFA-C-37-OP-FA,28,50,2011-06-24 10:01:47,2011-07-14 15:38:11,Optilab HPFAC37OPFA.jpg,image/pjpeg,2781,2011-07-14 15:38:11,Optilab,FIBER AMPLIFIER,0
83,S3FC1310,29,51,2011-06-24 10:01:47,2011-07-15 20:42:32,Thor Labs S3FC1310.jpg,image/pjpeg,9905,2011-07-15 20:42:32,Thor Labs,FIBER COUPLED DFB LASER SOURCE,0
84,S1FC1310,29,52,2011-06-24 10:01:47,2011-07-15 20:42:50,Thor Labs S1FC1310.jpg,image/pjpeg,10566,2011-07-15 20:42:50,Thor Labs,FIBER COUPLED LASER SOURCE,0
85,S1FC1310PM,29,52,2011-06-24 10:01:47,2011-07-15 20:43:06,Thor Labs S1FC1310PM.jpg,image/pjpeg,11198,2011-07-15 20:43:06,Thor Labs,FIBER COUPLED LASER SOURCE,0
86,S1FC1550,29,52,2011-06-24 10:01:47,2011-07-15 20:43:23,Thor Labs S1FC1550.jpg,image/pjpeg,10566,2011-07-15 20:43:23,Thor Labs,FIBER COUPLED LASER SOURCE,0
87,S1FC1550PM,29,52,2011-06-24 10:01:47,2011-07-15 20:43:34,Thor Labs S1FC1550PM.jpg,image/pjpeg,10780,2011-07-15 20:43:34,Thor Labs,FIBER COUPLED LASER SOURCE,0
88,S1FC635,29,52,2011-06-24 10:01:47,2011-07-15 20:43:47,Thor Labs S1FC635.jpg,image/pjpeg,10911,2011-07-15 20:43:47,Thor Labs,FIBER COUPLED LASER SOURCE,0
89,S1FC635PM,29,52,2011-06-24 10:01:47,2011-07-15 20:44:08,Thor Labs S1FC635PM.jpg,image/pjpeg,9579,2011-07-15 20:44:08,Thor Labs,FIBER COUPLED LASER SOURCE,0
90,S3FC1550,29,52,2011-06-24 10:01:47,2011-07-15 20:44:29,Thor Labs S3FC1550.jpg,image/pjpeg,9905,2011-07-15 20:44:29,Thor Labs,FIBER COUPLED LASER SOURCE,0
91,543-AP-A01,30,53,2011-06-24 10:01:47,2011-07-14 15:27:48,Omnichrome 543-AP-A01.jpg,image/pjpeg,56097,2011-07-14 15:27:48,Omnichrome,LASER OMNICHROME TUNABLE ARGON ION,0
92,DSB-40-S-FA,28,54,2011-06-24 10:01:47,2011-07-14 15:39:37,Optilab DSB40SFA.jpg,image/pjpeg,25822,2011-07-14 15:39:37,Optilab,LASER SOURCE BANK,0
93,83411D,26,55,2011-06-24 10:01:47,2011-07-11 17:27:48,HP 83411D.jpg,image/pjpeg,10449,2011-07-11 17:27:47,HP,LIGHTWAVE RECEIVER,0
94,83412B,26,55,2011-06-24 10:01:47,2011-07-11 17:31:05,HP 83412B.jpg,image/pjpeg,42468,2011-07-11 17:31:04,HP,LIGHTWAVE RECEIVER,0
95,83402B,26,56,2011-06-24 10:01:47,2011-07-11 17:33:10,HP 83402B.jpg,image/pjpeg,22876,2011-07-11 17:33:10,HP,LIGHTWAVE SOURCE,0
96,83403C,26,56,2011-06-24 10:01:47,2011-07-11 17:34:24,HP 83403C.jpg,image/pjpeg,69355,2011-07-11 17:34:23,HP,LIGHTWAVE SOURCE,0
97,SR560,31,57,2011-06-24 10:01:47,2011-07-15 20:33:37,Stanford SR560.jpg,image/pjpeg,51466,2011-07-15 20:33:37,Stanford Research Systems,LOW NOISE PREAMPLIFIER,0
98,1835-C,20,58,2011-06-24 10:01:47,2011-07-15 19:53:03,Newport 1835-C.jpg,image/pjpeg,20039,2011-07-15 19:53:03,Newport,MULTI-FUNCTION OPTICAL METER,0
99,86120B,26,59,2011-06-24 10:01:47,2011-07-11 17:44:49,HP 86120B.JPG,image/pjpeg,50229,2011-07-11 17:44:49,HP,MULTI-WAVELENGTH METER,0
100,MS9701B,18,60,2011-06-24 10:01:47,2011-07-07 19:59:59,Anritsu MS9701B.jpg,image/pjpeg,67574,2011-07-07 19:59:59,Anritsu,OPTICAL UNIT, OPTICAL SPECTRUM ANALYZER,0
101,MSO8104A640,1,9,2011-06-24 10:01:47,2011-07-07 19:12:03,Agilent MSO8104A.jpg,image/pjpeg,52231,2011-07-07 19:12:02,Agilent,OSCILLOSCOPE,0
102,MSO9104A,1,9,2011-06-24 10:01:47,2011-07-07 19:12:35,Agilent MSO9104A.jpg,image/pjpeg,39469,2011-07-07 19:12:35,Agilent,OSCILLOSCOPE,0
103,11896A,26,61,2011-06-24 10:01:47,2011-07-11 17:45:07,HP 11896A.jpg,image/pjpeg,12851,2011-07-11 17:45:07,HP,POLARIZATION CONTROLLER,0
104,1935-C,20,62,2011-06-24 10:01:47,2011-07-15 19:59:20,Newport 1935-C.jpg,image/pjpeg,5130,2011-07-15 19:59:20,Newport,POWER METER,0
105,2935-C,20,62,2011-06-24 10:01:47,2011-07-15 20:00:16,Newport 2935-C.jpg,image/pjpeg,7902,2011-07-15 20:00:15,Newport,POWER METER,0
106,815,20,63,2011-06-24 10:01:47,2011-07-15 20:00:44,Newport 815.jpg,image/pjpeg,174096,2011-07-15 20:00:44,Newport,POWER METER, DIGITAL,0
107,840-C,20,64,2011-06-24 10:01:47,2011-07-15 20:01:04,Newport 840-C.jpg,image/pjpeg,24951,2011-07-15 20:01:04,Newport,POWER METER, OPTICAL,0
108,E3632A,1,10,2011-06-24 10:01:47,2011-07-07 19:14:39,Agilent E3632A.jpg,image/pjpeg,384329,2011-07-07 19:14:39,Agilent,POWER SUPPLY, DC,0
109,81110A,1,65,2011-06-24 10:01:47,2015-10-23 11:09:38,Agilent 81110A.jpg,image/jpeg,34701,2012-11-28 15:03:26,HP,PULSE GENERATOR,0
110,ME-100,32,66,2011-06-24 10:01:47,2011-07-11 19:07:54,IntraAction ME-1001.bmp,image/bmp,95398,2011-07-11 19:07:54,IntraAction,SIGNAL PROCESSOR,0
111,ME-110T,32,66,2011-06-24 10:01:47,2011-07-11 19:08:11,IntraAction ME-1001.bmp,image/bmp,95398,2011-07-11 19:08:11,IntraAction,SIGNAL PROCESSOR,0
112,MG9002A,18,68,2011-06-24 10:01:47,2011-07-07 20:00:38,Anritsu MG9002A.bmp,image/bmp,108918,2011-07-07 20:00:38,Anritsu,STABILIZED LIGHT SOURCE,0
113,TSL-510,34,69,2011-06-24 10:01:47,2011-07-15 20:14:12,Santec TSL-510.jpg,image/pjpeg,7608,2011-07-15 20:14:12,Santec,TUNABLE SEMICONDUCTOR LASER,0
114,2300,35,42,2011-06-24 10:01:47,2011-07-15 20:46:30,Valhalla 2300.jpg,image/pjpeg,7242,2011-07-15 20:46:30,Valhalla,ANALYZER, SPECTRUM,0
115,2430-3HS,35,75,2011-06-24 10:01:47,2013-08-30 15:30:09,Valhalla 2400.jpg,image/pjpeg,41416,2011-07-15 20:49:48,Valhalla,ANALYZER, SPECTRUM,0
116,SL206,36,70,2011-06-24 10:01:47,2011-07-07 19:58:56,AEMC SL206.jpg,image/pjpeg,27009,2011-07-07 19:58:56,AEMC,CURRENT PROBE,0
117,HyExpert,38,72,2011-06-24 10:01:47,2011-07-11 14:11:54,Heliocentris HyExpert.jpg,image/pjpeg,26333,2011-07-11 14:11:54,Heliocentris,FUEL CELL SYSTEM,0
118,9500A,39,73,2011-06-24 10:01:47,2011-07-07 20:12:03,FW Bell 9500A.jpg,image/pjpeg,14176,2011-07-07 20:12:03,F.W. Bell,GAUSSMETER,0
119,LC53,8,20,2011-06-24 10:01:47,2011-07-15 20:17:46,Sencore LC53.jpg,image/pjpeg,46633,2011-07-15 20:17:46,Sencore,LCR METER,0
120,H-EWC-300AX,40,74,2011-06-24 10:01:47,2011-07-08 20:35:56,Hampden H-EWC-300AX.bmp,image/bmp,1772514,2011-07-08 20:35:56,Hampden,MOBILE ELECTRICAL WORK CENTER,0
121,54624A,1,9,2011-06-24 10:01:47,2011-07-05 17:15:21,Agilent 54624A.jpg,image/pjpeg,11987,2011-07-05 17:15:21,Agilent,OSCILLOSCOPE,0
122,PA4400A-3,41,75,2011-06-24 10:01:47,2011-07-14 16:10:31,Power Tek PA4400a-3.jpg,image/pjpeg,32592,2011-07-14 16:10:31,Power Tek,POWER ANALYZER,0
123,PP1-R,42,76,2011-06-24 10:01:47,2011-07-07 20:10:48,Dranetz PP1-R.gif,image/gif,9157,2011-07-07 20:10:48,Dranetz,POWER LINE MONITOR,0
124,3600B,43,76,2011-06-24 10:01:47,2011-07-11 20:17:44,Liebert 3600.jpg,image/pjpeg,50565,2011-07-11 20:17:44,Liebert,POWER LINE MONITOR,0
125,6683A,1,10,2011-06-24 10:01:47,2011-07-07 19:13:33,Agilent 6683A.jpg,image/pjpeg,288346,2011-07-07 19:13:33,Agilent,POWER SUPPLY, DC,0
126,DCR300,44,10,2011-06-24 10:01:47,2011-07-15 20:26:44,SORENSEN DCR300.jpg,image/pjpeg,9014,2011-07-15 20:26:44,Sorensen,POWER SUPPLY, DC,0
127,QRC-40-30,44,10,2011-06-24 10:01:47,2011-07-15 20:31:18,Sorensen QRC.jpg,image/pjpeg,3568,2011-07-15 20:31:18,Sorensen,POWER SUPPLY, DC,0
128,1840,37,77,2011-06-24 10:01:47,2011-08-10 14:22:05,Motortest 1840.jpg,image/jpeg,501970,2011-08-10 14:22:04,Motortest,TORQUE/SPEED CONTROLLER,0
129,3,45,78,2011-06-24 10:01:47,2011-07-11 13:40:04,Greenerd 3.jpg,image/pjpeg,33060,2011-07-11 13:40:04,Greenerd,ARBOR PRESS, MANUAL,0
130,PX-24,46,79,2011-06-24 10:01:47,2011-07-15 13:08:59,Pexto PX-24.jpg,image/pjpeg,420132,2011-07-15 13:08:58,Pexto,BRAKE, BENDING 24'' MANUAL,0
131,407B,47,80,2011-06-24 10:01:47,2011-07-15 13:12:58,Valdor 407B.jpg,image/pjpeg,54512,2011-07-15 13:12:58,Valdor,BUFFER, PEDESTAL,0
132,22-0000-0004,48,81,2011-06-24 10:01:47,2011-07-11 19:01:06,Intelitek Controller.jpg,image/pjpeg,51589,2011-07-11 19:01:05,Intelitek,CONTROL, INTELITEK,0
133,1672,49,82,2011-06-24 10:01:47,2011-07-15 13:07:21,Clausing 1672.jpg,image/pjpeg,54408,2011-07-15 13:07:21,Clausing,DRILL PRESS, SENSITIVE,0
134,RF52,50,83,2011-06-24 10:01:47,2011-07-15 13:09:16,Regal RF52.jpg,image/pjpeg,74308,2011-07-15 13:09:16,Regal,FORKLIFT, MANUAL,0
135,W-2269-A,51,84,2011-06-24 10:01:47,2011-07-15 13:07:39,Delta W-2269-A.jpg,image/pjpeg,56828,2011-07-15 13:07:38,Delta,GRINDER, PEDESTAL,0
136,SGS-816H,52,85,2011-06-24 10:01:47,2011-07-15 13:11:21,Sunny SGS-816H.jpg,image/pjpeg,403550,2011-07-15 13:11:21,Sunny Machinary,GRINDER, SURFACE,0
137,25 Ton,53,86,2011-06-24 10:01:47,2011-07-07 20:02:45,Cleveland 25 ton.jpg,image/pjpeg,40781,2011-07-07 20:02:45,Cleveland Steel Tool Company,IRON WORKER, 25-TON,0
138,TL-1,54,88,2011-06-24 10:01:47,2011-07-11 13:45:00,Haas TL-1.jpg,image/pjpeg,42181,2011-07-11 13:44:59,Haas,LATHE, TOOL ROOM,0
139,HLV-H,55,88,2011-06-24 10:01:47,2011-07-11 14:08:30,Hardinge HLV-H.jpg,image/pjpeg,8136,2011-07-11 14:08:30,Hardinge,LATHE, TOOL ROOM,0
140,TM-1,54,89,2011-06-24 10:01:47,2011-07-11 15:02:24,Haas TM-1.jpg,image/pjpeg,38615,2011-07-11 15:02:24,Haas,MILL, TOOL ROOM,0
141,ProLight1000,56,90,2011-06-24 10:01:47,2011-07-13 14:42:48,Light Machines ProLight1000.jpg,image/pjpeg,4228,2011-07-13 14:42:48,Light Machines Corporation,MILLING MACHINE,0
142,22650,58,92,2011-06-24 10:01:47,2011-07-15 13:09:37,Rockwell 22650.jpg,image/pjpeg,66519,2011-07-15 13:09:37,Rockwell,PLANER,0
143,Punch No. 2,59,93,2011-06-24 10:01:47,2011-07-15 13:07:53,DiAcro No 2.jpg,image/pjpeg,67761,2011-07-15 13:07:53,Di Acro,PRESS PUNCH, MANUAL,0
144,Dimension Elite/180-00105,60,94,2011-06-24 10:01:47,2011-07-15 13:10:09,StrataSys Dimension.jpg,image/pjpeg,173537,2011-07-15 13:10:09,StrataSys,PRINTER, 3D WITH CLEAN STATION,0
145,3824,61,95,2011-06-24 10:01:47,2011-07-07 20:03:34,Cyclone 3824.jpg,image/pjpeg,18766,2011-07-07 20:03:34,Cyclone Manufacturing,SAND BLASTING CABINET,0
146,4300A,62,96,2011-06-24 10:01:47,2011-07-15 13:12:01,Wilton 4300A.jpg,image/x-png,62326,2011-07-15 13:12:01,Wilton,SANDER, BELT 6'' VERTICAL,0
147,ShopPro25,63,97,2011-06-24 10:01:47,2011-07-15 13:08:32,Performax ShopPro25.jpg,image/pjpeg,110891,2011-07-15 13:08:32,Performax,SANDER, DRUM,0
148,DW718,64,98,2011-06-24 10:01:47,2011-07-07 20:10:05,Dewalt dw718.jpg,image/pjpeg,11611,2011-07-07 20:10:05,DeWalt,SAW, COMPOUND MITER 12'' DOUBLE BEVEL SLIDING,0
149,U816,65,99,2011-06-24 10:01:47,2011-07-15 13:08:13,Kalamazoo U816.jpg,image/pjpeg,414814,2011-07-15 13:08:12,Kalamazoo,SAW, HORIZONTAL BAND,0
150,H4,66,100,2011-06-24 10:01:47,2011-07-15 13:09:52,SSC H4.jpg,image/pjpeg,73310,2011-07-15 13:09:52,SSC,SAW, PANEL,0
151,66-TA SAW,67,101,2011-06-24 10:01:47,2011-07-14 16:18:57,Powermatic 66-TA.jpg,image/pjpeg,21379,2011-07-14 16:18:57,Powermatic,SAW, TABLE,0
152,V20,68,102,2011-06-24 10:01:47,2011-07-15 13:11:43,Wellsaw V20.jpg,image/pjpeg,65054,2011-07-15 13:11:43,Wellsaw,SAW, VERTICAL BAND,0
153,137,46,103,2011-06-24 10:01:47,2011-07-14 16:04:20,Pexto 137.jpg,image/pjpeg,39809,2011-07-14 16:04:20,Pexto,SHEAR, FOOT OPERATED,0
154,Econo Kleaner,69,104,2011-06-24 10:01:47,2011-07-14 16:07:57,Podgor EconoKleaner.jpg,image/pjpeg,4257,2011-07-14 16:07:57,Podgor,WASHOUT, RECIRCULATING,0
155,SP-250,70,105,2011-06-24 10:01:47,2011-07-13 14:49:08,Lincoln SP-250.jpg,image/pjpeg,55233,2011-07-13 14:49:08,Lincoln,WELDER, MIG,0
156,180SD,71,106,2011-06-24 10:01:47,2011-07-13 17:21:28,Miller 180SD.jpg,image/pjpeg,140705,2011-07-13 17:21:28,Miller,WELDER, TIG/ARC,0
157,1909wf,4,7,2011-06-24 10:01:47,2011-07-13 14:08:21,Dell 1909wf.jpg,image/pjpeg,9965,2011-07-13 14:08:21,Dell,MONITOR,0
158,ID370,72,227,2011-06-24 10:01:47,2013-10-10 17:11:13,Sympodium ID370.jpg,image/pjpeg,29799,2011-07-15 20:35:41,Sympodium,MONITOR,0
159,Sync Master NC190,73,107,2011-06-24 10:01:47,2011-07-15 20:13:46,Samsung NC190.jpg,image/pjpeg,9639,2011-07-15 20:13:46,Samsung,THIN CLIENT,0
160,4194AOPT350,26,108,2011-06-24 10:01:47,2011-12-14 20:26:16,Agilent 4194A.jpg,image/pjpeg,6542,2011-07-07 19:39:38,Agilent,ANALYZER, IMPEDANCE/GAIN-PHASE,0
161,4194A-350,10,108,2011-06-24 10:01:47,2011-07-11 18:35:14,HP-Agilent 4194A-350.jpg,image/pjpeg,30753,2011-07-11 18:35:14,HP-Agilent,ANALYZER, IMPEDANCE/GAIN-PHASE,0
162,4395A,1,39,2011-06-24 10:01:47,2011-07-07 19:40:32,Agilent 4395A.jpg,image/pjpeg,73433,2011-07-07 19:40:32,Agilent,ANALYZER, NETWORK,0
163,Optiplex SX280,4,3,2011-06-24 10:01:47,2011-07-07 20:06:33,Dell Optiplex sx280.jpg,image/pjpeg,9629,2011-07-07 20:06:33,Dell,COMPUTER, DESKTOP,0
164,C1602A,26,109,2011-06-24 10:01:47,2011-07-11 18:05:41,HP C1602A.jpg,image/pjpeg,23377,2011-07-11 18:05:40,HP,PRINTER, PAINTJET XL,0
165,8903B,26,110,2011-06-24 10:01:47,2011-12-14 20:26:42,Agilent 8903B.jpg,image/pjpeg,66913,2011-07-07 19:39:19,Agilent,ANALYZER, AUDIO,0
166,4156C,1,111,2011-06-24 10:01:47,2011-07-07 19:42:29,Agilent 4156C.jpg,image/pjpeg,13174,2011-07-07 19:42:29,Agilent,ANALYZER, SEMICONDUCTOR,0
167,16442A,1,112,2011-06-24 10:01:47,2011-07-07 19:16:21,Agilent 16442A.bmp,image/bmp,76678,2011-07-07 19:16:21,Agilent,TEST FIXTURE,0
168,1908FPC,4,7,2011-06-24 10:01:47,2011-07-13 14:07:12,Dell 1908fpc.jpg,image/pjpeg,32189,2011-07-13 14:07:12,Dell,MONITOR,0
169,LaserJet 4200 TN,26,113,2011-06-24 10:01:47,2011-07-11 17:58:38,HP 4200TN.jpg,image/pjpeg,12947,2011-07-11 17:58:38,HP,PRINTER,0
170,33-110,74,114,2011-06-24 10:01:47,2011-07-08 13:58:59,Feedback 33-110.bmp,image/bmp,138314,2011-07-08 13:58:59,Feedback,ANALOG  UNIT,0
171,GP-6,75,115,2011-06-24 10:01:47,2011-07-07 20:03:10,Comdyna gp-6.jpg,image/pjpeg,60201,2011-07-07 20:03:10,Comdyna,ANALOG COMPUTER,0
172,A0153D,74,116,2011-06-24 10:01:47,2011-07-08 15:19:17,Feedback A0153D.jpg,image/pjpeg,461147,2011-07-08 15:19:16,Feedback,ANALOG OUTPUT UNIT,0
173,3563A,26,117,2011-06-24 10:01:47,2011-07-11 17:20:06,HP 3563A.jpg,image/pjpeg,89350,2011-07-11 17:20:06,HP,ANALYZER, SIGNAL,0
174,505,76,118,2011-06-24 10:01:47,2011-07-07 20:11:15,Educational 505.gif,image/gif,25608,2011-07-07 20:11:15,Educational Control Products,CONTROL UNIT,0
175,DAX152,74,119,2011-06-24 10:01:47,2011-07-08 15:19:39,Feedback DAX152.jpg,image/pjpeg,477334,2011-07-08 15:19:38,Feedback,DATA ACQUISITION AND CONTROL UNIT,0
176,DSC153C,74,120,2011-06-24 10:01:47,2011-07-08 15:20:01,Feedback DSC153C.jpg,image/pjpeg,478190,2011-07-08 15:20:00,Feedback,DIGITAL SERVO CONTROLLER,0
177,33-120,74,121,2011-06-24 10:01:47,2011-07-08 13:59:23,Feedback 33-120.bmp,image/bmp,115994,2011-07-08 13:59:23,Feedback,DIGITAL UNIT,0
178,ES151,74,122,2011-06-24 10:01:47,2011-07-08 15:20:36,Feedback ES151.jpg,image/pjpeg,540420,2011-07-08 15:20:35,Feedback,EDUCATIONAL SERVO,0
179,33-100,74,125,2011-06-24 10:01:47,2011-07-08 13:59:51,Feedback 33-110.bmp,image/bmp,138314,2011-07-08 13:59:51,Feedback,MECHANICAL UNIT,0
180,54615B,1,9,2011-06-24 10:01:47,2011-07-05 17:13:52,Agilent 54615B.jpg,image/pjpeg,37966,2011-07-05 17:13:52,Agilent,OSCILLOSCOPE,0
181,01-100,74,10,2011-06-24 10:01:47,2011-07-08 15:21:06,Feedback 01-100.jpg,image/pjpeg,389753,2011-07-08 15:21:05,Feedback,POWER SUPPLY, DC,0
182,QD153B,74,126,2011-06-24 10:01:47,2011-07-08 15:21:23,Feedback QD153B.jpg,image/pjpeg,499970,2011-07-08 15:21:22,Feedback,QUADRATURE DECODER,0
183,LaserJet 4000N,26,113,2011-06-24 10:01:47,2013-10-28 17:15:18,HP 4000N.jpg,image/jpeg,37778,2013-10-28 17:15:18,HP,PRINTER,0
184,Laserjet P2015dn,26,113,2011-06-24 10:01:47,2011-07-11 18:00:52,HP P2015DN.jpg,image/pjpeg,10490,2011-07-11 18:00:52,HP,PRINTER,0
185,PowerEdge 1650,4,16,2011-06-24 10:01:47,2012-02-27 15:28:42,Dell 1650.jpg,image/pjpeg,53400,2011-07-13 13:22:02,Dell,COMPUTER, SERVER,0
186,PowerEdge 1850,4,16,2011-06-24 10:01:47,2012-02-27 15:26:56,Dell 1850.jpg,image/pjpeg,10336,2011-07-13 13:23:32,Dell,COMPUTER, SERVER,0
187,PowerEdge 1950,4,16,2011-06-24 10:01:47,2012-02-27 15:29:18,Dell 1950.jpg,image/pjpeg,7910,2011-07-13 13:25:50,Dell,COMPUTER, SERVER,0
188,PowerEdge 2650,4,16,2011-06-24 10:01:47,2012-02-27 15:29:39,Dell 2650.jpg,image/pjpeg,8698,2011-07-13 13:34:48,Dell,COMPUTER, SERVER,0
189,PowerEdge 2850,4,16,2011-06-24 10:01:47,2012-02-27 15:29:53,Dell 2850.jpg,image/pjpeg,19147,2011-07-13 13:35:29,Dell,COMPUTER, SERVER,0
190,PowerEdge 6650,4,16,2011-06-24 10:01:47,2012-02-27 15:30:24,Dell 6650.jpg,image/pjpeg,15483,2011-07-13 13:37:48,Dell,COMPUTER, SERVER,0
191,PowerEdge 6800,4,16,2011-06-24 10:01:47,2012-02-27 15:30:36,Dell 6800.jpg,image/pjpeg,21876,2011-07-13 13:38:59,Dell,COMPUTER, SERVER,0
192,PowerEdge R510,4,16,2011-06-24 10:01:47,2012-02-27 15:30:48,Dell R510.jpg,image/pjpeg,65082,2011-07-13 13:40:23,Dell,COMPUTER, SERVER,0
193,PowerEdge R610,4,16,2011-06-24 10:01:47,2012-02-27 15:31:00,Dell R610.jpg,image/pjpeg,13744,2011-07-13 13:41:37,Dell,COMPUTER, SERVER,0
194,PowerEdge R710,4,16,2011-06-24 10:01:47,2012-02-27 15:31:14,Dell R710.jpg,image/pjpeg,46766,2011-07-13 13:44:07,Dell,COMPUTER, SERVER,0
195,Series 30,77,200,2011-06-24 10:01:47,2012-02-27 19:44:27,Compellent Series 30.jpg,image/jpeg,32545,2012-02-27 19:44:27,COMPELLENT,STORAGE ARRAY,0
197,PowerVault 220S,4,127,2011-06-24 10:01:47,2012-02-27 15:40:34,Dell 220S.jpg,image/pjpeg,112613,2011-07-13 14:16:33,Dell,STORAGE ARRAY,0
198,PowerVault MD3000,4,127,2011-06-24 10:01:47,2012-02-27 15:40:22,Dell MD3000.jpg,image/pjpeg,17460,2011-07-13 14:17:53,Dell,STORAGE ARRAY,0
200,iMac 9,1,15,3,2011-06-24 10:01:47,2011-07-13 12:47:10,Apple imac 9,1.jpg,image/pjpeg,10341,2011-07-13 12:47:10,Apple,COMPUTER, DESKTOP,0
201,1905FP,4,7,2011-06-24 10:01:47,2011-07-13 13:54:25,Dell 1905fp.gif,image/gif,36576,2011-07-13 13:54:24,Dell,MONITOR,0
202,S2409wb,4,7,2011-06-24 10:01:47,2011-07-13 14:14:44,Dell s2409wb.jpg,image/pjpeg,4576,2011-07-13 14:14:44,Dell,MONITOR,0
203,LaserJet 4050 TN,26,113,2011-06-24 10:01:47,2011-07-11 17:51:40,HP 4050TN.gif,image/gif,21031,2011-07-11 17:51:40,HP,PRINTER,0
204,OfficeJet G95,26,113,2011-06-24 10:01:47,2011-07-11 18:04:08,HP G95.jpg,image/pjpeg,7605,2011-07-11 18:04:08,HP,PRINTER,0
205,9410-00,78,128,2011-06-24 10:01:47,2011-07-11 19:57:05,Lab-Volt 9410-00.bmp,image/bmp,1982610,2011-07-11 19:57:04,Lab-Volt,AM/DSB/SSB GENERATOR,0
206,9411-00,78,129,2011-06-24 10:01:47,2011-07-11 19:57:17,Lab-Volt 9411-00.bmp,image/bmp,393054,2011-07-11 19:57:17,Lab-Volt,AM/DSM RECEIVER,0
207,9401-00,78,130,2011-06-24 10:01:47,2011-07-11 19:57:31,Lab-Volt 9401-00.bmp,image/bmp,453654,2011-07-11 19:57:30,Lab-Volt,AMPLIFIER, AUDIO,0
208,8349B,10,131,2011-06-24 10:01:47,2017-10-31 18:06:35,HP-Agilent 8349B.jpg,image/pjpeg,41890,2011-07-11 18:35:02,HP-Agilent,AMPLIFIER, MICROWAVE,10
209,89430A,26,132,2011-06-24 10:01:47,2011-07-11 17:15:46,HP 89430A.JPG,image/pjpeg,147965,2011-07-11 17:15:46,HP,ANALYZER RF SECTION,0
210,N9912A,1,133,2011-06-24 10:01:47,2011-07-07 19:41:47,Agilent N9912A.jpg,image/pjpeg,133295,2011-07-07 19:41:47,Agilent,ANALYZER, RF,0
211,E4448A219226,1,42,2011-06-24 10:01:47,2011-07-07 19:42:54,Agilent E4448A.jpg,image/pjpeg,93692,2011-07-07 19:42:54,Agilent,ANALYZER, SPECTRUM,0
212,4195A,10,42,2011-06-24 10:01:47,2011-07-11 18:38:37,HP-Agilent 4194A-350.jpg,image/pjpeg,30753,2011-07-11 18:38:36,HP-Agilent,ANALYZER, SPECTRUM,0
213,9405-00,78,42,2011-06-24 10:01:47,2011-07-11 19:57:43,Lab-Volt 9405-00.bmp,image/bmp,453654,2011-07-11 19:57:43,Lab-Volt,ANALYZER, SPECTRUM,0
214,89440A,26,134,2011-06-24 10:01:47,2011-07-11 17:20:48,HP 89440A.JPG,image/pjpeg,151506,2011-07-11 17:20:47,HP,ANALYZER, VECTOR SIGNAL,0
215,9427-00,78,135,2011-06-24 10:01:47,2011-07-11 19:57:56,Lab-Volt 9427-00.bmp,image/bmp,453654,2011-07-11 19:57:56,Lab-Volt,AUDIO GENERATOR,0
216,9435-00,78,136,2011-06-24 10:01:47,2011-07-11 19:58:11,Lab-Volt 9435-00.bmp,image/bmp,509598,2011-07-11 19:58:10,Lab-Volt,BASEBAND CHANNEL/BRICKWALL FILTER,0
217,9423-00,78,137,2011-06-24 10:01:47,2011-07-11 19:58:22,Lab-Volt 9423-00.bmp,image/bmp,453654,2011-07-11 19:58:22,Lab-Volt,BIT-ERROR RATE INDICATOR,0
218,9451-00,78,138,2011-06-24 10:01:47,2011-07-11 19:58:40,Lab-Volt 9451-00.bmp,image/bmp,447054,2011-07-11 19:58:40,Lab-Volt,BPSK DEMODULATOR,0
219,9450-00,78,139,2011-06-24 10:01:47,2011-07-11 19:58:58,Lab-Volt 9450-00.bmp,image/bmp,447054,2011-07-11 19:58:58,Lab-Volt,BPSK MODULATOR,0
220,9421-00,78,140,2011-06-24 10:01:47,2011-07-11 19:59:12,Lab-Volt 9421-00.bmp,image/bmp,397710,2011-07-11 19:59:12,Lab-Volt,CLOCK GENERATOR,0
221,9463-00,78,141,2011-06-24 10:01:47,2011-07-11 19:59:27,Lab-Volt 9463-00.bmp,image/bmp,509598,2011-07-11 19:59:27,Lab-Volt,CLOCK RECOVERY,0
222,Optiplex GX270,4,3,2011-06-24 10:01:47,2011-07-13 13:02:42,Dell gx270.jpg,image/pjpeg,25178,2011-07-13 13:02:42,Dell,COMPUTER, DESKTOP,0
223,9425-00,78,142,2011-06-24 10:01:47,2011-07-11 19:59:40,Lab-Volt 9425-00.bmp,image/bmp,453654,2011-07-11 19:59:39,Lab-Volt,DC VOLTMETER/DC SOURCE,0
224,9455-00,78,143,2011-06-24 10:01:47,2011-07-11 19:59:52,Lab-Volt 9455-00.bmp,image/bmp,447054,2011-07-11 19:59:52,Lab-Volt,DELTA/CVSD DECODER,0
225,9454-00,78,144,2011-06-24 10:01:47,2011-07-11 20:00:17,Lab-Volt 9454-00.bmp,image/bmp,447054,2011-07-11 20:00:17,Lab-Volt,DELTA/CVSD ENCODER,0
226,9447-00,78,144,2011-06-24 10:01:47,2011-07-11 20:00:04,Lab-Volt 9447-00.bmp,image/bmp,447054,2011-07-11 20:00:04,Lab-Volt,DELTA/CVSD ENCODER,0
227,9446-00,78,146,2011-06-24 10:01:47,2011-07-11 20:00:30,Lab-Volt 9446-00.bmp,image/bmp,447054,2011-07-11 20:00:30,Lab-Volt,DPCM ENCODER,0
228,11692D,26,147,2011-06-24 10:01:47,2011-07-11 17:22:23,HP 11692D.jpg,image/pjpeg,11208,2011-07-11 17:22:23,HP,DUAL DIRECTIONAL COUPLER,0
229,778D,26,147,2011-06-24 10:01:47,2011-07-11 17:25:13,HP 778D.jpg,image/pjpeg,3797,2011-07-11 17:25:13,HP,DUAL DIRECTIONAL COUPLER,0
231,9414-00,78,149,2011-06-24 10:01:47,2011-07-11 20:00:59,Lab-Volt 9414-00.bmp,image/bmp,393054,2011-07-11 20:00:59,Lab-Volt,FM/PM GENERATOR,0
232,9415-10,78,150,2011-06-24 10:01:47,2011-07-11 20:01:14,Lab-Volt 9415-00.bmp,image/bmp,447054,2011-07-11 20:01:14,Lab-Volt,FM/PM RECEIVER,0
233,9403-00,78,18,2011-06-24 10:01:47,2011-07-11 20:01:25,Lab-Volt 9403-00.bmp,image/bmp,453654,2011-07-11 20:01:25,Lab-Volt,FREQUENCY COUNTER,0
234,9449-00,78,151,2011-06-24 10:01:47,2011-07-11 20:01:37,Lab-Volt 9449-00.bmp,image/bmp,393054,2011-07-11 20:01:37,Lab-Volt,FSK MODEM,0
235,9402-00,78,1,2011-06-24 10:01:47,2011-07-11 20:02:19,Lab-Volt 9402-00.bmp,image/bmp,453654,2011-07-11 20:02:19,Lab-Volt,FUNCTION GENERATOR,0
236,9402-10,78,1,2011-06-24 10:01:47,2011-07-11 20:02:06,Lab-Volt 9402-10.bmp,image/bmp,453654,2011-07-11 20:02:06,Lab-Volt,FUNCTION GENERATOR,0
237,MFJ-259B,79,152,2011-06-24 10:01:47,2017-10-30 21:24:56,MFJ MFJ-259B.jpg,image/pjpeg,430287,2011-07-13 16:06:40,MFJ,HF/VHF SWR ANALYZER,1
238,9464-00,78,153,2011-06-24 10:01:47,2011-07-11 20:02:41,Lab-Volt 9464-00.bmp,image/bmp,509598,2011-07-11 20:02:41,Lab-Volt,LINE CODER,0
239,9465-00,78,154,2011-06-24 10:01:47,2011-07-11 20:02:52,Lab-Volt 9465-00.bmp,image/bmp,509598,2011-07-11 20:02:52,Lab-Volt,LINE DECODER,0
240,9424-00,78,41,2011-06-24 10:01:47,2011-07-11 20:03:05,Lab-Volt 9424-00.bmp,image/bmp,453654,2011-07-11 20:03:04,Lab-Volt,LOGIC ANALYZER,0
241,9426-00,78,155,2011-06-24 10:01:47,2011-07-11 20:03:16,Lab-Volt 9426-00.bmp,image/bmp,453654,2011-07-11 20:03:16,Lab-Volt,LOWPASS AUDIO FILTER,0
242,1503FP,4,7,2011-06-24 10:01:47,2011-07-13 13:52:12,Dell 1503fp.jpg,image/pjpeg,3891,2011-07-13 13:52:12,Dell,MONITOR,0
243,3008WfPt,4,7,2011-06-24 10:01:47,2011-07-13 14:11:20,Dell 3008wfpt.gif,image/gif,28490,2011-07-13 14:11:20,Dell,MONITOR,0
244,9429-00,78,156,2011-06-24 10:01:47,2011-07-11 20:03:32,Lab-Volt 9429-00.bmp,image/bmp,453654,2011-07-11 20:03:32,Lab-Volt,NOISE MEASUREMENT FILTERS,0
245,346B,1,157,2011-06-24 10:01:47,2011-07-07 19:54:49,Agilent 346B.jpg,image/pjpeg,6303,2011-07-07 19:54:49,Agilent,NOISE SOURCE,0
246,346C,1,157,2011-06-24 10:01:47,2011-07-07 19:55:46,Agilent 346C.jpg,image/pjpeg,6191,2011-07-07 19:55:46,Agilent,NOISE SOURCE,0
247,9406-00,78,157,2011-06-24 10:01:47,2011-07-11 20:03:50,Lab-Volt 9406-00.bmp,image/bmp,453654,2011-07-11 20:03:50,Lab-Volt,NOISE SOURCE,0
248,9354CL,80,9,2011-06-24 10:01:47,2011-07-11 19:55:32,LeCroy 9354CL.jpg,image/pjpeg,6461,2011-07-11 19:55:32,LeCroy,OSCILLOSCOPE,0
249,9440-00,78,158,2011-06-24 10:01:47,2011-07-11 20:04:05,Lab-Volt 9440-00.bmp,image/bmp,403126,2011-07-11 20:04:05,Lab-Volt,PAM/ASK GENERATOR,0
250,9441-00,78,159,2011-06-24 10:01:47,2011-07-11 20:04:21,Lab-Volt 9441-00.bmp,image/bmp,447054,2011-07-11 20:04:21,Lab-Volt,PAM/ASK RECEIVER,0
251,9445-00,78,160,2011-06-24 10:01:47,2011-07-11 20:04:38,Lab-Volt 9445-00.bmp,image/bmp,447054,2011-07-11 20:04:38,Lab-Volt,PCM DECODER,0
252,9444-00,78,161,2011-06-24 10:01:47,2011-07-11 20:04:50,Lab-Volt 9444-00.bmp,image/bmp,447054,2011-07-11 20:04:50,Lab-Volt,PCM ENCODER,0
253,9462-00,78,162,2011-06-24 10:01:47,2011-07-11 20:05:01,Lab-Volt 9462-00.bmp,image/bmp,622998,2011-07-11 20:05:01,Lab-Volt,PCM TRANSRECEIVER,0
254,438A,10,163,2011-06-24 10:01:47,2011-07-11 18:42:21,HP-Agilent 438A.jpg,image/pjpeg,8961,2011-07-11 18:42:21,HP-Agilent,POWER METER, RF,0
255,8481H,26,164,2011-06-24 10:01:47,2011-07-11 17:47:36,HP 8481H.JPG,image/pjpeg,142673,2011-07-11 17:47:36,HP,POWER SENSOR,0
256,8485A,26,164,2011-06-24 10:01:47,2011-07-11 17:48:56,HP 8485A.gif,image/gif,45147,2011-07-11 17:48:56,HP,POWER SENSOR,0
257,9422-00,78,165,2011-06-24 10:01:47,2011-07-11 20:05:20,Lab-Volt 9422-00.bmp,image/bmp,453654,2011-07-11 20:05:20,Lab-Volt,PSUEDO-RANDOM BINARY SEQUENCE GENERATOR,0
258,9442-00,78,166,2011-06-24 10:01:47,2011-07-11 20:22:18,Lab-Volt 9442-00.bmp,image/bmp,447054,2011-07-11 20:22:18,Lab-Volt,PWM/PPM GENERATOR,0
259,9443-00,78,167,2011-06-24 10:01:47,2011-07-11 20:05:35,Lab-Volt 9443-00.bmp,image/bmp,447054,2011-07-11 20:05:35,Lab-Volt,PWM/PPM RECEIVER,0
260,9404-00,78,168,2011-06-24 10:01:47,2011-07-11 20:05:47,Lab-Volt 9404-00.bmp,image/bmp,453654,2011-07-11 20:05:47,Lab-Volt,RMS VOLTMETER,0
261,8656B,26,46,2011-06-24 10:01:47,2011-07-11 18:08:57,HP 8656B.jpg,image/pjpeg,44933,2011-07-11 18:08:57,HP,SIGNAL GENERATOR,0
262,ESG-D3000A,26,46,2011-06-24 10:01:47,2011-07-11 18:09:14,HP ESG-D3000A.jpg,image/pjpeg,28471,2011-07-11 18:09:14,HP,SIGNAL GENERATOR,0
263,9428-00,78,169,2011-06-24 10:01:47,2011-07-11 20:06:02,Lab-Volt 9428-00.bmp,image/bmp,453654,2011-07-11 20:06:02,Lab-Volt,SIGNAL INTERRUPTOR/SELECTOR,0
264,9412-00,78,170,2011-06-24 10:01:47,2011-07-11 20:06:13,Lab-Volt 9412-00.bmp,image/bmp,393054,2011-07-11 20:06:13,Lab-Volt,SSB RECEIVER,0
265,9461-00,78,173,2011-06-24 10:01:47,2011-07-11 20:06:29,Lab-Volt 9461-00.bmp,image/bmp,509598,2011-07-11 20:06:29,Lab-Volt,TIME-DIVISION DEMULTIPLEXER,0
266,9460-00,78,174,2011-06-24 10:01:47,2011-07-11 20:06:44,Lab-Volt 9460-00.bmp,image/bmp,509598,2011-07-11 20:06:44,Lab-Volt,TIME-DIVISION MULTIPLEXER,0
267,TR10GA,81,175,2011-06-24 10:01:47,2011-07-07 19:58:31,Advanced Receiver Research TR10GA.jpg,image/pjpeg,125307,2011-07-07 19:58:30,Advanced Receiver Research,TRANSRECEIVER,0
268,Laserjet 1700n,4,113,2011-06-24 10:01:47,2011-07-13 14:15:40,Dell 1700n.jpg,image/pjpeg,7806,2011-07-13 14:15:40,Dell,PRINTER,0
269,169,33,11,2011-06-24 10:01:47,2011-07-11 19:54:57,Keithley 169.jpg,image/pjpeg,9568,2011-07-11 19:54:57,Keithley,MULTIMETER, BENCH,0
270,75,82,12,2011-06-24 10:01:47,2011-07-08 15:22:10,Fluke 75.jpg,image/pjpeg,84910,2011-07-08 15:22:10,Fluke,MULTIMETER, HAND,0
271,77,82,12,2011-06-24 10:01:47,2011-07-08 15:22:26,Fluke 77.jpg,image/pjpeg,293799,2011-07-08 15:22:25,Fluke,MULTIMETER, HAND,0
272,AN/PSM45A,82,12,2011-06-24 10:01:47,2011-07-08 15:22:48,Fluke 27.jpg,image/pjpeg,16895,2011-07-08 15:22:48,Fluke,MULTIMETER, HAND,0
273,1660,23,10,2011-06-24 10:01:47,2011-07-07 20:01:51,BK Precision 1660.jpg,image/pjpeg,35623,2011-07-07 20:01:51,BK Precision,POWER SUPPLY, DC,0
274,6623,10,10,2011-06-24 10:01:47,2011-07-11 18:42:34,HP-Agilent 6623.jpg,image/pjpeg,198552,2011-07-11 18:42:34,HP-Agilent,POWER SUPPLY, DC,0
275,6626A,10,10,2011-06-24 10:01:47,2011-07-11 18:49:05,HP-Agilent 6626A.jpg,image/pjpeg,26944,2011-07-11 18:49:05,HP-Agilent,POWER SUPPLY, DC,0
276,577D1MOD177,9,176,2011-06-24 10:01:47,2011-08-10 18:40:49,TEKTRONIX 577-D1-177.jpg,image/jpeg,11842,2011-08-10 18:40:49,Tektronix,TRACER, CURVE,0
277,Laserjet P4014dn,26,113,2011-07-07 18:07:26,2011-07-11 18:03:12,HP P4014DN.jpg,image/pjpeg,31797,2011-07-11 18:03:12,NULL,NULL,0
278,LaserJet P2055dn,26,113,2011-07-07 18:36:25,2011-07-11 18:02:06,HP P2055DN.jpg,image/pjpeg,9233,2011-07-11 18:02:06,NULL,NULL,0
279,NJ226,51,87,2011-07-15 18:49:38,2011-07-15 18:49:38,Jointer.jpg,image/pjpeg,106483,2011-07-15 18:49:37,NULL,NULL,0
280,TK 1655,83,91,2011-07-15 18:55:16,2011-07-15 19:12:08,Tinknocker TK 1655.jpg,image/pjpeg,16657,2011-07-15 19:12:07,NULL,NULL,0
281,(dynamometer),37,178,2011-07-15 19:28:08,2011-08-10 14:21:47,Motortest dyno.jpg,image/jpeg,614013,2011-08-10 14:21:46,NULL,NULL,0
282,(motor unit),74,179,2011-07-15 19:32:59,2011-08-10 15:11:56,Feedback motor unit.jpg,image/jpeg,660310,2011-08-10 15:11:55,NULL,NULL,0
283,(MO optical table),19,34,2011-07-15 19:38:07,2011-08-10 17:58:59,Modern Optics optical table.jpg,image/jpeg,66596,2011-08-10 17:58:59,NULL,NULL,0
284,(Newport optical table),20,34,2011-07-15 19:38:38,2011-07-15 19:55:19,Newport optical table.jpg,image/pjpeg,24400,2011-07-15 19:55:19,NULL,NULL,0
285,(L-V TTS),78,172,2011-07-15 19:41:59,2011-08-10 18:24:29,Lab-Volt L-V TTS.jpg,image/jpeg,671011,2011-08-10 18:24:28,NULL,NULL,0
286,Latitude E6420,4,4,2011-08-24 14:46:59,2011-08-24 14:46:59,Dell E6420.jpg,image/jpeg,17757,2011-08-24 14:46:59,NULL,NULL,0
287,8107WD,47,84,2011-09-26 19:00:25,2011-09-26 19:00:25,Baldor 8107WD+GA16.jpg,image/jpeg,17420,2011-09-26 19:00:25,NULL,NULL,0
288,780,84,180,2011-09-26 19:08:55,2011-09-26 19:08:55,Cedarburg 780.jpg,image/jpeg,9888,2011-09-26 19:08:55,NULL,NULL,0
289,EX-21,85,181,2011-09-26 19:12:52,2011-09-26 19:12:52,Excalibur EX-21.jpg,image/jpeg,14664,2011-09-26 19:12:52,NULL,NULL,0
290,LPX-600,86,182,2011-09-26 19:19:05,2011-09-26 19:19:05,Roland LPX-600.jpg,image/jpeg,9788,2011-09-26 19:19:05,NULL,NULL,0
291,Eee Pad TF101,88,30,2011-10-13 17:14:08,2011-10-13 19:39:22,ASUS Eee Pad TF101.jpg,image/jpeg,47454,2011-10-13 19:39:22,NULL,NULL,0
292,HDL64E S2,89,183,2011-10-14 17:26:08,2011-10-14 17:57:07,Velodyne HDL-64E-S2.jpg,image/jpeg,7710,2011-10-14 17:26:08,NULL,NULL,0
293,1250-10,78,184,2011-10-18 17:34:19,2011-10-18 17:34:19,Lab-Volt 1250-10.jpg,image/jpeg,293056,2011-10-18 17:34:19,NULL,NULL,0
294,91000-5,78,185,2011-10-18 17:35:03,2011-10-18 17:35:03,Lab-Volt 91000-5.jpg,image/jpeg,131706,2011-10-18 17:35:03,NULL,NULL,0
295,91003-20,78,186,2011-10-18 17:35:40,2011-10-18 17:35:40,Lab-Volt 91003-20.jpg,image/jpeg,428661,2011-10-18 17:35:39,NULL,NULL,0
296,91011-20,78,187,2011-10-18 17:36:26,2011-10-18 17:36:26,Lab-Volt 91011-20.jpg,image/jpeg,452600,2011-10-18 17:36:26,NULL,NULL,0
297,91024-20,78,188,2011-10-18 17:37:08,2011-10-18 17:37:08,Lab-Volt 91024-20.jpg,image/jpeg,350233,2011-10-18 17:37:08,NULL,NULL,0
298,91026-20,78,189,2011-10-18 17:37:49,2011-10-18 17:37:49,Lab-Volt 91026-20.jpg,image/jpeg,426408,2011-10-18 17:37:49,NULL,NULL,0
299,Optiplex 990,4,3,2011-10-21 18:40:21,2011-10-21 18:54:28,Dell Optiplex 990.jpg,image/jpeg,6711,2011-10-21 18:54:28,NULL,NULL,0
300,ProtoMat S63,90,90,2011-10-24 12:31:15,2011-10-26 14:19:05,LPKF ProtoMatS63.jpg,image/jpeg,23207,2011-10-26 14:19:04,NULL,NULL,0
301,U2001A,1,164,2011-10-26 19:01:34,2011-10-26 19:01:34,Agilent U2001A.jpg,image/jpeg,27073,2011-10-26 19:01:34,NULL,NULL,0
302,ITC4001,29,190,2011-10-26 20:03:56,2011-10-26 20:05:47,ThorLabs ITC4001.jpg,image/jpeg,11388,2011-10-26 20:05:46,NULL,NULL,0
303,ITC4005,29,190,2011-10-26 20:07:48,2011-10-26 20:07:48,ThorLabs ITC4005.jpg,image/jpeg,11394,2011-10-26 20:07:48,NULL,NULL,0
304,C180-40C,91,192,2011-10-31 14:20:23,2011-10-31 14:21:09,LaserPro C180-40C.jpg,image/jpeg,23948,2011-10-31 14:21:08,NULL,NULL,0
305,Precision M2300,4,4,2011-10-31 18:51:36,2011-10-31 18:51:36,Dell Precision M2300.jpg,image/jpeg,13141,2011-10-31 18:51:36,NULL,NULL,0
306,1907FPt,4,7,2011-11-01 17:42:00,2011-11-01 17:42:00,Dell 1907fpt.jpg,image/bmp,368254,2011-11-01 17:42:00,NULL,NULL,0
307,ID250,72,227,2011-11-02 20:02:34,2013-10-10 17:11:01,Sympodium ID250.jpg,image/jpeg,29799,2012-01-27 13:31:15,NULL,NULL,0
308,2009wt,4,7,2011-11-02 20:08:49,2011-11-02 20:08:49,Dell 2009wt.jpg,image/jpeg,7262,2011-11-02 20:08:49,NULL,NULL,0
309,6032A,1,10,2011-11-02 20:28:51,2011-11-02 20:28:51,Agilent 6032A.jpg,image/jpeg,13416,2011-11-02 20:28:50,NULL,NULL,0
310,DSOX3024A,1,9,2011-11-02 20:29:37,2011-11-02 20:29:37,Agilent DSOX3024A.jpg,image/jpeg,96162,2011-11-02 20:29:37,NULL,NULL,0
311,N2791A,1,193,2011-11-03 14:25:20,2011-11-03 14:25:20,Agilent N2791A.jpg,image/jpeg,50424,2011-11-03 14:25:19,NULL,NULL,0
312,Precision M4300,4,4,2011-11-04 16:13:55,2011-11-04 16:13:55,Dell M4300.jpg,image/jpeg,38031,2011-11-04 16:13:55,NULL,NULL,0
313,E4438C,1,46,2011-11-10 18:10:36,2011-11-10 18:10:36,Agilent E4438C.jpg,image/jpeg,177341,2011-11-10 18:10:36,NULL,NULL,0
314,Color LaserJet CP3525dn,26,113,2011-11-14 16:06:33,2011-11-14 16:10:28,HP ColorLaserJet CP3525dn.jpg,image/jpeg,12631,2011-11-14 16:06:33,NULL,NULL,0
315,8484A,26,164,2011-11-29 20:43:28,2011-11-29 20:43:28,HP 8484A.jpg,image/jpeg,84530,2011-11-29 20:43:27,NULL,NULL,0
316,85027B,26,194,2011-11-29 21:02:19,2011-11-29 21:02:19,HP 85027B.jpg,image/jpeg,32943,2011-11-29 21:02:19,NULL,NULL,0
317,HD-705-6N,92,178,2011-12-08 13:54:07,2011-12-08 13:54:07,Magtrol HD-705-6N.jpg,image/jpeg,32856,2011-12-08 13:54:07,NULL,NULL,0
318,DSP-7001,92,118,2011-12-08 13:55:14,2011-12-08 13:55:14,Magtrol DSP-7001.jpg,image/jpeg,75812,2011-12-08 13:55:14,NULL,NULL,0
319,ZPH-32,93,195,2011-12-08 20:40:22,2011-12-08 20:40:22,CSZ ZPH-32.jpg,image/jpeg,39821,2011-12-08 20:40:21,NULL,NULL,0
320,Optiplex 745,4,3,2012-01-10 18:11:49,2012-01-10 18:11:49,Dell 745.jpg,image/jpeg,21844,2012-01-10 18:11:49,NULL,NULL,0
321,UP1133A-A303SU-2,94,196,2012-01-27 15:06:16,2012-01-27 15:06:16,Mitsubishi UPS.jpg,image/jpeg,34570,2012-01-27 15:06:16,NULL,NULL,0
322,PowerEdge R810,4,16,2012-01-30 21:53:37,2012-02-27 15:31:39,Dell R810.jpg,image/jpeg,11966,2012-02-27 15:31:39,NULL,NULL,0
323,245BW,73,7,2012-02-07 20:49:21,2012-02-07 20:49:43,Samsung 245BW9.jpg,image/jpeg,9130,2012-02-07 20:49:43,NULL,NULL,0
324,41952A,26,197,2012-02-14 18:44:24,2013-05-13 18:06:43,HP 41952A.jpg,image/jpeg,410962,2013-05-13 18:06:43,NULL,NULL,0
325,2800,95,198,2012-02-27 14:40:55,2012-02-27 14:40:55,Cisco 2800.jpg,image/jpeg,102454,2012-02-27 14:40:55,NULL,NULL,0
326,Catalyst 2960G,95,199,2012-02-27 14:46:04,2012-02-27 14:46:25,Cisco 2960G.jpg,image/jpeg,15900,2012-02-27 14:46:04,NULL,NULL,0
327,Catalyst 3550,95,199,2012-02-27 14:48:52,2012-02-27 14:48:52,Cisco 3550.jpg,image/jpeg,4285,2012-02-27 14:48:52,NULL,NULL,0
328,Catalyst 4506E,95,199,2012-02-27 14:50:40,2012-02-27 15:46:17,Cisco 4506-E.jpg,image/jpeg,34352,2012-02-27 14:50:40,NULL,NULL,0
329,EMC2,4,127,2012-02-27 15:06:23,2012-02-27 15:06:23,Dell EMC2.jpg,image/jpeg,11213,2012-02-27 15:06:23,NULL,NULL,0
330,PowerEdge 860,4,16,2012-02-27 15:33:17,2012-02-27 15:33:17,Dell 860.jpg,image/jpeg,13317,2012-02-27 15:33:17,NULL,NULL,0
331,PowerVault MD3220,4,127,2012-02-27 15:39:43,2012-02-27 15:39:43,Dell MD3220.jpg,image/jpeg,33473,2012-02-27 15:39:43,NULL,NULL,0
332,Proliant DL360-G6,26,16,2012-02-27 15:44:17,2012-02-27 15:44:17,HP DL360-G6.jpg,image/jpeg,101098,2012-02-27 15:44:17,NULL,NULL,0
333,HB 1235,77,127,2012-02-27 19:42:43,2012-02-27 19:42:43,NULL,NULL,NULL,NULL,NULL,NULL,0
334,PowerConnect 5324,4,199,2012-02-27 21:14:50,2012-02-27 21:14:50,Dell 5324.jpg,image/jpeg,5444,2012-02-27 21:14:50,NULL,NULL,0
335,LaserJet M2727nf,26,113,2012-02-29 16:52:44,2012-02-29 16:55:41,HP M2727nf.jpg,image/jpeg,5936,2012-02-29 16:52:44,NULL,NULL,0
336,SMART-UPS 1500,96,196,2012-03-09 17:23:50,2012-03-09 21:04:42,APC 1500.jpg,image/jpeg,5668,2012-03-09 21:04:42,NULL,NULL,0
337,SMART-UPS 3000,96,196,2012-03-09 17:24:47,2012-03-09 21:03:06,APC 3000.jpg,image/jpeg,48110,2012-03-09 21:03:06,NULL,NULL,0
339,CE500G,95,199,2012-03-09 17:30:34,2012-03-09 21:00:26,Cisco CE500G.jpg,image/jpeg,9278,2012-03-09 21:00:26,NULL,NULL,0
341,ML 6000,4,201,2012-03-09 17:41:08,2012-03-09 20:54:09,Dell ML6000.jpg,image/jpeg,28918,2012-03-09 20:54:09,NULL,NULL,0
343,1908FPt,4,7,2012-03-14 19:00:34,2013-09-05 15:11:42,Dell 1907fpt.jpg,image/bmp,368254,2013-09-05 15:11:42,NULL,NULL,0
344,1708FPt,51,7,2012-03-14 19:15:28,2012-03-14 19:15:28,NULL,NULL,NULL,NULL,NULL,NULL,0
345,PowerEdge SC430,4,16,2012-03-14 20:05:17,2012-03-14 20:05:17,NULL,NULL,NULL,NULL,NULL,NULL,0
346,Catalyst 3560-CG-POE,95,199,2012-03-14 20:06:39,2012-06-19 11:48:17,Cisco 3560E.jpg,image/jpeg,6102,2012-06-19 11:48:17,NULL,NULL,0
347,2220HD,97,202,2012-05-08 19:25:12,2012-05-08 19:25:12,SUNBRITE 2220HD.jpg,image/jpeg,158909,2012-05-08 19:25:12,NULL,NULL,0
348,HDL32E,89,183,2012-05-21 14:03:02,2012-05-21 14:22:34,Velodyne HDL32E.jpg,image/jpeg,47976,2012-05-21 14:22:34,NULL,NULL,0
349,MAC Mini,15,3,2012-05-31 11:27:29,2012-05-31 11:27:29,Apple MAC Mini.jpg,image/jpeg,27829,2012-05-31 11:27:29,NULL,NULL,0
350,240BW8,98,7,2012-06-05 15:14:26,2012-06-05 15:14:26,Philips_240BW8.jpg,image/jpeg,12232,2012-06-05 15:14:26,NULL,NULL,0
351,Freeagent,99,6,2012-06-05 17:12:28,2012-06-05 17:12:28,Seagate Freeagent.jpg,image/jpeg,26816,2012-06-05 17:12:28,NULL,NULL,0
352,2405FPW,4,7,2012-06-07 17:27:31,2012-06-07 17:27:31,Dell 2405FPW.jpg,image/jpeg,30675,2012-06-07 17:27:31,NULL,NULL,0
353,Ti-55,82,203,2012-06-12 13:24:58,2012-06-12 13:24:58,Fluke Ti55.jpg,image/jpeg,12207,2012-06-12 13:24:58,NULL,NULL,0
354,V2DSKTP-500,100,6,2012-06-12 19:05:30,2012-06-12 19:05:30,CMS V2DSKTP-500.jpg,image/jpeg,26568,2012-06-12 19:05:30,NULL,NULL,0
355,5936-2S2P-10GBF,101,16,2012-06-18 12:48:48,2012-10-17 18:29:44,SuperMicro .jpg,image/jpeg,7623,2012-10-16 19:20:36,NULL,NULL,0
356,LaserJet 500 color M551,26,113,2012-06-22 14:48:47,2012-06-22 14:53:48,Laser Jet 500 color M551.jpg,image/jpeg,9365,2012-06-22 14:48:47,NULL,NULL,0
357,iPAD3,15,30,2012-06-22 14:58:59,2012-06-22 14:58:59,ipad3.jpg,image/jpeg,25052,2012-06-22 14:58:59,NULL,NULL,0
358,iF281D,102,7,2012-06-25 16:51:26,2012-06-25 16:51:26,I-INC iF281D.jpg,image/jpeg,3731,2012-06-25 16:51:26,NULL,NULL,0
359,W240D,103,7,2012-06-25 17:14:11,2012-06-25 17:14:11,Hyundai W240D.jpg,image/jpeg,62882,2012-06-25 17:14:11,NULL,NULL,0
360,2707WFPc,4,7,2012-06-25 17:34:19,2012-06-25 17:34:19,Dell 2707WFPc.jpg,image/jpeg,12921,2012-06-25 17:34:19,NULL,NULL,0
361,3400MP,4,204,2012-06-25 18:30:56,2012-06-25 18:30:56,Dell 3400mp.jpg,image/jpeg,3431,2012-06-25 18:30:56,NULL,NULL,0
362,GreenDrives,6,6,2012-06-25 19:15:18,2012-06-25 19:15:18,Fantom GreenDrive.jpg,image/jpeg,22655,2012-06-25 19:15:18,NULL,NULL,0
363,DP46840,104,202,2012-06-25 19:43:11,2012-06-25 19:43:11,Sanyo DP46840.jpg,image/jpeg,4831,2012-06-25 19:43:11,NULL,NULL,0
364,2007FPb,4,7,2012-06-26 19:20:47,2012-06-26 19:20:47,Dell 2007FPb.jpg,image/jpeg,23559,2012-06-26 19:20:46,NULL,NULL,0
365,Macbook,15,4,2012-06-26 19:49:03,2012-06-26 19:49:03,Apple Macbook.jpg,image/jpeg,15762,2012-06-26 19:49:03,NULL,NULL,0
366,Poweredge T410,4,16,2012-06-27 12:34:52,2012-10-19 13:32:26,Dell Poweredge t410.jpg,image/jpeg,24224,2012-06-27 12:34:52,NULL,NULL,0
367,TC-P65GT30,105,202,2012-06-27 13:45:49,2012-06-27 13:45:49,Panasonic TC-P65GT30.jpg,image/jpeg,25746,2012-06-27 13:45:49,NULL,NULL,0
368,HR-3,106,205,2012-06-27 19:34:14,2012-06-27 19:34:14,Newmark HR-3.jpg,image/jpeg,83327,2012-06-27 19:34:14,NULL,NULL,0
369,2600 Series,95,198,2012-07-16 19:02:21,2012-07-16 19:02:21,Cisco 2600 Series.jpg,image/jpeg,8278,2012-07-16 19:02:21,NULL,NULL,0
370,2950 Series,95,199,2012-07-16 19:45:23,2012-07-16 19:45:23,Cisco 2950.jpg,image/jpeg,10135,2012-07-16 19:45:23,NULL,NULL,0
371,TS-RX8,107,127,2012-07-17 18:13:59,2016-05-04 15:52:41,Buffalo TS-RX8.jpg,image/jpeg,14470,2012-07-17 18:13:59,NULL,NULL,0
372,Catalyst 2960S,95,199,2012-07-17 18:24:39,2012-10-15 20:29:52,Cisco Catalyst 2960-s.jpg,image/jpeg,14728,2012-07-17 18:24:39,NULL,NULL,0
373,VG200,95,198,2012-07-17 18:43:38,2012-07-17 18:43:38,Cisco VG200.jpg,image/jpeg,3735,2012-07-17 18:43:38,NULL,NULL,0
374,PowerEdge R900,4,16,2012-07-17 18:59:42,2012-07-17 18:59:42,Dell PowerEdge R900.jpg,image/jpeg,20203,2012-07-17 18:59:42,NULL,NULL,0
375,TC-P65GT50,105,202,2012-07-26 16:24:02,2012-07-26 16:24:02,Panasonic TC-P65GT50.jpg,image/jpeg,10471,2012-07-26 16:24:02,NULL,NULL,0
376,IP Phone 7941,95,211,2012-08-07 18:27:38,2013-08-15 14:25:52,Cisco 7941.jpg,image/jpeg,25659,2012-08-07 19:14:55,NULL,NULL,0
377,7900 Series,95,226,2012-08-07 19:25:58,2013-08-15 14:25:23,Cisco IP wireless phone 7920.jpg,image/jpeg,15891,2012-08-07 19:25:58,NULL,NULL,0
378,IP Phone 7970,95,211,2012-08-08 12:23:07,2013-08-15 14:26:16,Cisco 7970.jpg,image/jpeg,121738,2012-08-08 12:23:07,NULL,NULL,0
379,NEXUS7,2,30,2012-08-17 13:40:45,2013-04-25 13:01:08,Google Nexus7 18001A.jpg,image/jpeg,12984,2012-08-22 13:11:26,NULL,NULL,0
380,LRAT-2000,82,39,2012-08-22 17:24:43,2012-08-22 17:24:43,Fluke LRAT-2000.jpg,image/jpeg,134425,2012-08-22 17:24:43,NULL,NULL,0
381,4200FA,108,196,2012-08-28 16:43:51,2012-08-28 16:43:51,Toshiba 4200FA.jpg,image/jpeg,41768,2012-08-28 16:43:51,NULL,NULL,0
382,5250-A0,78,207,2012-08-30 20:06:23,2012-08-30 20:06:23,Lab-Volt 5250+5221.jpg,image/jpeg,285154,2012-08-30 20:06:23,NULL,NULL,0
383,5221-00,78,208,2012-08-30 20:07:02,2012-08-30 20:07:02,Lab-Volt 5250+5221.jpg,image/jpeg,285154,2012-08-30 20:07:02,NULL,NULL,0
384,Jazzy,109,209,2012-09-05 19:51:54,2012-09-05 19:51:54,PrideMobility Jazzy .jpg,image/jpeg,163424,2012-09-05 19:51:54,NULL,NULL,0
385,Catalyst 3750G-24TS,95,199,2012-09-10 12:00:17,2012-09-10 12:00:17,Cisco WS-C3750G-24TS.jpg,image/jpeg,41641,2012-09-10 12:00:17,NULL,NULL,0
386,ST2220Tc,4,227,2012-09-10 18:03:43,2013-10-10 17:09:44,Dell ST2220Tc.jpg,image/jpeg,21921,2012-09-10 18:03:43,NULL,NULL,0
387,LaserJet Pro M401dn,26,113,2012-09-10 18:30:42,2013-05-13 13:40:15,HP LJ Pro 401dn.jpg,image/jpeg,14691,2012-09-10 18:30:42,NULL,NULL,0
388,FreeAgent GoFlex Pro,99,6,2012-09-12 14:31:26,2012-09-12 14:31:26,Seagate Freeagent GoFlex.jpg,image/jpeg,29293,2012-09-12 14:31:26,NULL,NULL,0
389,Apollo Expert M200,110,6,2012-09-12 14:40:44,2012-09-12 14:40:44,Apollo-Expert-M200.jpg,image/jpeg,40968,2012-09-12 14:40:44,NULL,NULL,0
390,LaserJet CP5525dn,26,113,2012-09-13 14:08:21,2012-09-13 14:08:21,HP CP5525dn.jpg,image/jpeg,63703,2012-09-13 14:08:21,NULL,NULL,0
391,VW226T-TAA,88,7,2012-09-13 14:33:46,2012-09-13 15:02:04,ASUS VW226T-TAA.jpg,image/jpeg,70286,2012-09-13 15:02:04,NULL,NULL,0
392,S242HL,111,7,2012-09-13 14:35:22,2012-09-13 14:35:22,Acer S242HL.jpg,image/jpeg,91309,2012-09-13 14:35:22,NULL,NULL,0
393,PXL2430MW,112,227,2012-09-14 13:22:09,2013-10-10 17:11:40,Planar PXL2430MW.jpg,image/jpeg,227907,2012-09-14 13:22:09,NULL,NULL,0
394,MacBook Air 13.3 A1466,15,4,2012-09-14 14:24:04,2012-09-14 14:29:41,Apple MacBook Air A1466.jpg,image/jpeg,27564,2012-09-14 14:24:04,NULL,NULL,0
395,SR1,31,110,2012-09-14 18:45:25,2012-09-14 18:45:25,StanfordResearchSystem SR1.jpg,image/jpeg,88806,2012-09-14 18:45:25,NULL,NULL,0
396,SG300-28P,95,199,2012-09-24 13:51:05,2013-01-16 18:17:42,Cisco SG300-28P.jpg,image/jpeg,40311,2013-01-16 18:17:42,NULL,NULL,0
397,WS-C3560E-24PD,95,199,2012-09-25 16:10:01,2015-10-14 15:32:36,Cisco WS-C3560E-24PD.jpg,image/jpeg,36036,2015-10-14 15:32:36,NULL,NULL,0
398,772D,1,147,2012-09-26 17:08:23,2012-09-26 17:08:23,Agilent 772D.jpg,image/jpeg,6789,2012-09-26 17:08:23,NULL,NULL,0
399,N9020A,1,117,2012-10-04 17:05:28,2012-10-04 17:05:28,Agilent N9020A.jpg,image/jpeg,591555,2012-10-04 17:05:28,NULL,NULL,0
400,2900 Series,95,198,2012-10-05 20:23:24,2016-05-13 18:21:14,Cisco 2901.jpg,image/jpeg,31668,2012-10-05 20:23:24,NULL,NULL,0
401,Latitude E6430,4,4,2012-10-11 18:53:34,2012-10-11 18:53:34,Dell E6430.jpg,image/jpeg,176909,2012-10-11 18:53:34,NULL,NULL,0
402,3560 POE-8,95,199,2012-10-12 20:21:34,2012-10-15 20:29:07,Cisco 3560 poe-8.jpg,image/jpeg,11979,2012-10-12 20:21:34,NULL,NULL,0
403,CP-7925G,95,226,2012-10-15 19:45:15,2013-08-15 14:23:59,Cisco CP-7925G.jpg,image/jpeg,6742,2012-10-16 19:32:52,NULL,NULL,0
404,iPhone 4s - A1387,15,2,2012-10-16 12:25:05,2012-10-16 12:32:28,Apple A1387 iPhone 4s.jpg,image/jpeg,52707,2012-10-16 12:25:05,NULL,NULL,0
405,WS-C3560G-24TS-E,95,199,2012-10-16 14:11:38,2012-10-16 14:11:38,Cisco WS-C3560G-24TS-E.jpg,image/jpeg,121458,2012-10-16 14:11:38,NULL,NULL,0
406,Slate XE700T1A-A02US,73,30,2012-10-16 14:51:34,2012-10-16 14:51:34,Samsung Slate XE700T1A-A02US.jpg,image/jpeg,4837,2012-10-16 14:51:33,NULL,NULL,0
407,EB-2425,77,127,2012-10-16 19:31:43,2012-10-16 19:31:43,NULL,NULL,NULL,NULL,NULL,NULL,0
408,R8 model 3,114,212,2012-10-16 20:46:57,2012-10-16 20:49:54,Trimble R8 model 3.jpg,image/jpeg,39303,2012-10-16 20:49:54,NULL,NULL,0
409,PowerEdge R820,4,16,2012-10-17 13:30:15,2013-03-28 13:28:09,Dell R820.jpg,image/jpeg,178106,2013-03-28 13:28:09,NULL,NULL,0
410,MD3200,4,127,2012-10-17 13:33:21,2013-09-20 18:00:02,Dell MD3200.jpg,image/jpeg,49393,2013-09-20 18:00:02,NULL,NULL,0
411,Precision M4700,4,4,2012-10-19 19:10:32,2012-10-19 19:10:32,Dell M4700.jpg,image/jpeg,187066,2012-10-19 19:10:32,NULL,NULL,0
412,N9010A,1,117,2012-10-24 11:26:42,2012-10-24 11:26:42,Agilent N9010A.jpg,image/jpeg,424031,2012-10-24 11:26:41,NULL,NULL,0
413,IP Phone 9971,95,211,2012-10-31 14:15:15,2013-08-15 14:38:30,Cisco 9971.jpg,image/jpeg,17050,2012-10-31 14:15:15,NULL,NULL,0
414,Catalyst 2960,95,199,2012-11-02 18:29:04,2014-11-05 21:02:05,Cisco 2960G.jpg,image/jpeg,15900,2014-11-05 21:02:04,NULL,NULL,0
415,2335DN,4,113,2012-11-05 17:59:44,2012-11-05 17:59:44,Dell 2335DN.jpg,image/jpeg,77367,2012-11-05 17:59:44,NULL,NULL,0
417,2230d,4,113,2012-11-05 20:16:48,2012-11-05 20:16:48,dell 2230d.jpg,image/jpeg,9592,2012-11-05 20:16:48,NULL,NULL,0
418,Razr Maxx,3,2,2012-11-07 16:13:57,2012-11-07 16:13:57,Droid-RAZR-Maxx.jpg,image/jpeg,18502,2012-11-07 16:13:57,NULL,NULL,0
419,Galaxy Nexus,73,2,2012-11-07 16:15:53,2012-11-07 16:15:53,Galaxy Nexus.jpg,image/jpeg,70349,2012-11-07 16:15:53,NULL,NULL,0
420,Rezound,115,2,2012-11-07 16:17:08,2012-11-07 16:17:08,htc-rezound.png,image/png,303441,2012-11-07 16:17:08,NULL,NULL,0
421,86100D,1,9,2012-11-08 16:35:01,2012-11-08 16:35:01,Agilent 86100D.jpg,image/jpeg,325659,2012-11-08 16:35:01,NULL,NULL,0
422,85056A,1,213,2012-11-08 16:41:59,2012-11-08 16:41:59,Agilent 85056A.jpg,image/jpeg,178163,2012-11-08 16:41:59,NULL,NULL,0
423,85052B,1,213,2012-11-08 16:43:02,2012-11-08 16:43:02,Agilent 85052B.jpg,image/jpeg,68231,2012-11-08 16:43:02,NULL,NULL,0
424,81130A,1,65,2012-11-08 17:44:27,2012-11-08 17:44:27,Agilent 81130A.jpg,image/jpeg,66309,2012-11-08 17:44:27,NULL,NULL,0
425,P2210t,4,7,2012-11-09 14:46:59,2012-11-09 14:46:59,p2210t.gif,image/gif,14101,2012-11-09 14:46:59,NULL,NULL,0
426,laserjet 1320,26,113,2012-11-09 18:09:39,2012-11-09 18:09:39,laserjet 1320.jpg,image/jpeg,13644,2012-11-09 18:09:39,NULL,NULL,0
427,Documate 262,116,113,2012-11-09 18:15:50,2012-11-09 18:15:50,documate 262.jpg,image/jpeg,6686,2012-11-09 18:15:50,NULL,NULL,0
428,3825,95,198,2012-11-14 13:29:12,2012-11-14 13:29:12,Cisco 3825.jpg,image/jpeg,133000,2012-11-14 13:29:12,NULL,NULL,0
429,MARCBot-IV,117,214,2012-11-26 20:39:37,2012-11-26 20:40:11,marcbot.jpg,image/jpeg,13489,2012-11-26 20:40:11,NULL,NULL,0
430,AMREL RT 7-1,117,215,2012-11-26 20:42:37,2012-11-26 20:42:37,AMREL RT 7-1.jpg,image/jpeg,30619,2012-11-26 20:42:37,NULL,NULL,0
431,My Book Essential 2TB,118,6,2012-11-28 19:19:07,2012-11-28 19:19:07,wd_my_book_essential.jpg,image/jpeg,17445,2012-11-28 19:19:06,NULL,NULL,0
432,iPad Mini,15,30,2012-12-04 12:47:34,2012-12-04 12:47:34,Apple iPad Mini.jpg,image/jpeg,36770,2012-12-04 12:47:34,NULL,NULL,0
433,E2210c,4,7,2012-12-19 14:52:05,2012-12-19 14:52:05,Dell E2210c.png,image/png,105777,2012-12-19 14:52:05,NULL,NULL,0
434,RF9-1 Rocky,119,4,2013-01-09 12:44:43,2013-01-09 12:44:43,AMREL RT9-1.jpg,image/jpeg,86920,2013-01-09 12:44:43,NULL,NULL,0
435,OptiPlex 790,4,3,2013-01-14 19:26:19,2013-01-14 19:26:19,Dell Optiplex 790.jpg,image/jpeg,174034,2013-01-14 19:26:19,NULL,NULL,0
436,U2001H,1,164,2013-01-30 20:04:54,2013-01-30 20:04:54,Agilent U2001H.jpg,image/jpeg,27073,2013-01-30 20:04:54,NULL,NULL,0
437,U2000H,1,164,2013-01-30 20:05:42,2013-01-30 20:05:42,Agilent U2000H.jpg,image/jpeg,27073,2013-01-30 20:05:42,NULL,NULL,0
438,FitPC2,120,3,2013-02-04 18:53:48,2013-02-04 18:53:48,CompuLab-FitPC2-750px.jpg,image/jpeg,66025,2013-02-04 18:53:48,NULL,NULL,0
439,Talon-I,121,216,2013-02-05 13:15:34,2013-02-05 13:15:34,talon.jpg,image/jpeg,64074,2013-02-05 13:15:34,NULL,NULL,0
440,Master OCU,121,217,2013-02-05 18:10:50,2013-02-05 18:10:50,talon_ocu.jpg,image/jpeg,977895,2013-02-05 18:10:50,NULL,NULL,0
441,RT- 8,119,4,2013-02-06 20:45:25,2013-02-06 20:45:25,amrel RT 8-1.jpg,image/png,292366,2013-02-06 20:45:25,NULL,NULL,0
442,63804,122,218,2013-02-12 16:12:54,2013-02-12 16:12:54,Chroma 63804.jpg,image/jpeg,103329,2013-02-12 16:12:54,NULL,NULL,0
443,T-962,123,219,2013-03-05 16:16:14,2013-03-05 16:16:14,1clickmachine TA962.png,image/png,55577,2013-03-05 16:16:14,NULL,NULL,0
444,NI myDAQ,7,220,2013-03-05 21:09:31,2013-03-05 21:23:29,NI myDAQ.jpg,image/jpeg,162989,2013-03-05 21:23:29,NULL,NULL,0
445,8G IPod Touch,15,221,2013-03-13 18:52:45,2013-03-13 18:52:45,apple-ipod-touch.bmp,image/bmp,944822,2013-03-13 18:52:45,NULL,NULL,0
447,v63700-A,108,6,2013-03-14 20:10:25,2013-03-14 20:10:25,toshiba-v63700-a.jpg,image/jpeg,30374,2013-03-14 20:10:24,NULL,NULL,0
448,OneTouch III Mini,125,6,2013-03-14 20:16:09,2013-03-14 20:16:09,maxtor-onetouchIII-mini.jpg,image/jpeg,13454,2013-03-14 20:16:09,NULL,NULL,0
449,USB SuperDrive,15,127,2013-04-05 14:34:54,2013-04-05 14:34:54,Apple MD5642MA.jpg,image/jpeg,336778,2013-04-05 14:34:54,NULL,NULL,0
450,AIRCHECK,82,39,2013-04-08 19:08:24,2013-04-08 19:08:24,Fluke AirCheck.jpg,image/jpeg,1242101,2013-04-08 19:08:23,NULL,NULL,0
451,Galaxy S III,73,2,2013-04-19 19:27:00,2013-04-19 19:27:00,Galaxy S III.jpg,image/jpeg,35379,2013-04-19 19:27:00,NULL,NULL,0
452,29355 TRULink,126,27,2013-04-22 16:16:24,2013-04-22 16:16:24,C2G 29355 TRULink.jpg,image/jpeg,22579,2013-04-22 16:16:24,NULL,NULL,0
453,Galaxy S III Mini,73,2,2013-04-25 13:09:31,2013-08-15 14:37:12,Samsung S3 Mini.jpg,image/jpeg,303913,2013-04-25 13:14:35,NULL,NULL,0
454,ADS-2500W,127,222,2013-04-30 18:48:59,2013-04-30 18:48:59,Brother ADS2500W.jpg,image/jpeg,3229267,2013-04-30 18:48:59,NULL,NULL,0
455,DM-LNMB-28-102-SY,128,131,2013-04-30 20:37:37,2013-05-01 11:29:52,DeltaMicrowave 102-SY.jpg,image/jpeg,1617073,2013-05-01 11:29:52,NULL,NULL,0
456,DR-M160,129,222,2013-05-09 19:26:40,2013-05-09 19:26:40,Canon DR-M160.jpg,image/jpeg,60921,2013-05-09 19:26:40,NULL,NULL,0
457,87512A,1,197,2013-05-15 12:22:41,2013-05-15 12:22:41,Agilent 87512a.jpg,image/jpeg,38527,2013-05-15 12:22:41,NULL,NULL,0
458,HDUS11NB,130,223,2013-06-03 19:02:50,2013-06-03 19:02:50,Addonics HDUS11NB.jpg,image/jpeg,11983,2013-06-03 19:02:50,NULL,NULL,0
459,ET2201L,131,227,2013-06-05 14:00:23,2013-10-10 17:11:26,ELO ET2201L.jpg,image/jpeg,110097,2013-06-05 14:00:23,NULL,NULL,0
460,P2-UMT242,132,224,2013-06-12 19:08:59,2013-06-12 19:17:02,Raritan-umt242.gif,image/gif,8378,2013-06-12 19:16:47,NULL,NULL,0
461,P2-USTIP1,132,224,2013-06-12 19:12:16,2013-06-12 19:13:26,RaritanP2USTIP1.jpg,image/jpeg,2681,2013-06-12 19:13:26,NULL,NULL,0
462,P2-EUST,132,224,2013-06-12 19:15:50,2013-06-12 19:15:50,RaritanP2Eust.gif,image/gif,7715,2013-06-12 19:15:50,NULL,NULL,0
463,TLM-1503,133,7,2013-06-17 19:59:24,2013-06-17 19:59:24,Triview TLM1503.jpg,image/jpeg,3751,2013-06-17 19:59:24,NULL,NULL,0
464,A1150,134,225,2013-06-18 14:05:25,2013-06-18 14:05:25,artigo_a1150.bmp,image/bmp,608214,2013-06-18 14:05:25,NULL,NULL,0
465,A1000,134,225,2013-06-18 14:33:16,2013-06-18 14:33:16,artigo_a1000.bmp,image/bmp,754462,2013-06-18 14:33:16,NULL,NULL,0
466,42LG50,124,202,2013-06-25 15:24:47,2013-06-25 15:24:47,lg-42.jpg,image/jpeg,38436,2013-06-25 15:24:47,NULL,NULL,0
467,Color LaserJet Pro M451dn,26,113,2013-08-26 14:07:38,2013-08-26 14:11:51,HP M451DN.jpg,image/jpeg,320343,2013-08-26 14:07:38,NULL,NULL,0
468,NSA-S350U-BKP,135,6,2013-09-04 12:56:27,2013-09-04 12:56:27,Macally NSA-S350U-BKP.jpg,image/jpeg,70371,2013-09-04 12:56:27,NULL,NULL,0
469,iMac A1419,15,3,2013-09-11 19:01:54,2013-09-11 19:01:54,iMac a1419 27.jpg,image/jpeg,7318,2013-09-11 19:01:54,NULL,NULL,0
470,Precision T7600N,4,3,2013-09-25 17:48:40,2013-09-27 19:54:09,Dell T7600N.jpg,image/jpeg,3751,2013-09-27 19:54:09,NULL,NULL,0
471,OptiPlex 9010,4,3,2013-10-08 18:13:03,2013-10-08 18:13:03,dell-optiplex-desktop-9010.jpg,image/jpeg,21118,2013-10-08 18:13:03,NULL,NULL,0
472,Proliant DL360P-G8,26,16,2013-10-08 19:06:15,2013-10-09 13:01:59,HP DL360p Gen8.jpg,image/jpeg,88013,2013-10-09 13:01:59,NULL,NULL,0
473,S2240T,4,227,2013-10-10 17:06:21,2013-10-10 17:10:08,Dell-S2240T.jpg,image/jpeg,49618,2013-10-10 17:07:30,NULL,NULL,0
474,t510,26,107,2013-10-25 15:16:24,2013-10-25 15:16:24,HP t510.jpg,image/jpeg,26320,2013-10-25 15:16:24,NULL,NULL,0
475,Color LaserJet CP5225,26,113,2013-10-28 17:03:36,2013-10-28 17:03:36,HP cp5225.jpg,image/jpeg,243604,2013-10-28 17:03:36,NULL,NULL,0
476,GT20000,136,222,2013-10-28 17:53:57,2013-10-28 17:53:57,Epson GT-20000.jpg,image/jpeg,60510,2013-10-28 17:53:57,NULL,NULL,0
477,LaserJet 9050dn,26,113,2013-10-28 19:10:53,2014-02-03 16:52:48,HP 9050dn.jpg,image/jpeg,58897,2013-10-28 19:10:53,NULL,NULL,0
478,LaserJet 5200dtn,26,113,2013-10-28 19:38:47,2013-10-28 19:39:35,HP 5200dtn.jpg,image/jpeg,142961,2013-10-28 19:39:35,NULL,NULL,0
479,Color LaserJet CP6015dn,26,113,2013-10-28 19:57:40,2013-10-28 19:57:40,HP CP6015dn.jpg,image/jpeg,151147,2013-10-28 19:57:40,NULL,NULL,0
480,SGX,137,43,2013-11-04 16:46:39,2013-11-04 16:46:39,CAST-SGX.jpg,image/jpeg,48493,2013-11-04 16:46:39,NULL,NULL,0
481,Color Laserjet CP3505,26,113,2013-11-12 13:31:47,2013-11-12 13:31:47,HP CP3505.jpg,image/jpeg,398177,2013-11-12 13:31:47,NULL,NULL,0
482,My Passport Ultra 1TB,118,6,2013-11-12 13:53:32,2013-11-12 13:53:32,WD My_Passport_1TB.jpg,image/jpeg,139651,2013-11-12 13:53:32,NULL,NULL,0
483,SRV02-ET,138,122,2013-11-13 19:40:31,2013-11-13 19:40:31,Quanser SRV02-ET.jpg,image/jpeg,67184,2013-11-13 19:40:31,NULL,NULL,0
484,ROTFLEX-E,138,228,2013-11-13 19:41:18,2013-11-13 19:41:18,Quanser ROTFLEX-E.jpg,image/jpeg,22703,2013-11-13 19:41:18,NULL,NULL,0
485,Q2-USB,138,118,2013-11-13 19:41:59,2013-11-13 19:41:59,Quanser Q2_usb.jpg,image/jpeg,143800,2013-11-13 19:41:59,NULL,NULL,0
486,VoltPAQ-X1,138,118,2013-11-13 19:43:24,2013-11-13 19:43:24,Quanser VoltPAQ-X1.jpg,image/jpeg,99237,2013-11-13 19:43:23,NULL,NULL,0
489,XT230 Tablet,139,4,2013-11-18 15:17:38,2013-11-18 15:17:46,Lenovo X230 Tablet.jpg,image/jpeg,27565,2013-11-18 15:17:46,NULL,NULL,0
490,AT105,108,30,2013-11-26 18:33:14,2013-11-26 18:33:14,Toshiba AT105.jpg,image/jpeg,133425,2013-11-26 18:33:14,NULL,NULL,0
491,TH-50PZ80U,105,202,2014-01-09 18:26:22,2014-01-09 18:26:22,panasonic-th50pz80u.jpg,image/jpeg,28546,2014-01-09 18:26:22,NULL,NULL,0
492,Color Laserjet CP2025,26,113,2014-01-09 18:28:45,2014-01-09 18:42:32,hp-color-laserjet-cp2025.jpg,image/jpeg,16965,2014-01-09 18:28:45,NULL,NULL,0
493,Pro 1400 Digital Photo Printer,140,113,2014-01-09 18:30:53,2014-01-09 18:30:53,kodak-pro1400.jpg,image/jpeg,16227,2014-01-09 18:30:53,NULL,NULL,0
494,TXP 5004,29,230,2014-01-13 14:28:40,2014-01-13 14:28:40,ThorLabs TXP5004.jpg,image/jpeg,22693,2014-01-13 14:28:40,NULL,NULL,0
495,3560X-24P-POE,95,199,2014-01-13 20:19:22,2014-01-13 20:19:22,Cisco 3560X-24P.jpg,image/jpeg,21093,2014-01-13 20:19:22,NULL,NULL,0
496,Glass,2,231,2014-02-11 14:52:47,2014-02-11 14:52:47,Google glass.jpg,image/jpeg,27780,2014-02-11 14:52:47,NULL,NULL,0
497,CNS-5000,141,232,2014-02-20 20:37:48,2014-02-20 20:37:48,KVH CNS-5000.jpg,image/jpeg,231007,2014-02-20 20:37:47,NULL,NULL,0
498,Workstation,142,3,2014-02-21 14:02:48,2014-02-21 14:02:48,ThermaltakeFullTower.jpg,image/jpeg,159356,2014-02-21 14:02:48,NULL,NULL,0
499,PT-RZ470UK,105,204,2014-05-07 14:39:50,2014-05-07 14:39:50,Panasonic PTRZ470.jpg,image/jpeg,45038,2014-05-07 14:39:50,NULL,NULL,0
500,PTH851,143,233,2014-05-09 18:48:12,2014-05-09 18:48:12,Wacom PTH851.png,image/png,43993,2014-05-09 18:48:12,NULL,NULL,0
501,AP1000-8,144,69,2014-05-12 18:09:42,2014-05-12 18:09:42,Apex AP1000-8.png,image/png,218500,2014-05-12 18:09:41,NULL,NULL,0
502,Armor A80,145,6,2014-05-12 19:56:22,2014-05-12 19:56:22,SiliconPowerArmor A80.jpg,image/jpeg,110311,2014-05-12 19:56:22,NULL,NULL,0
503,2400,33,67,2014-05-21 17:30:49,2014-05-21 17:30:49,Keithley 2400.jpg,image/jpeg,42532,2014-05-21 17:30:48,NULL,NULL,0
504,Color LaserJet C534n,146,113,2014-05-23 14:20:41,2014-05-23 15:18:54,Lexmark-C534n-ColorLaserPrinter.jpg,image/jpeg,48718,2014-05-23 14:20:41,NULL,NULL,0
505,ROTPEN,138,234,2014-06-23 16:58:32,2014-06-23 16:58:32,Quanser InvPend.jpg,image/jpeg,15392,2014-06-23 16:58:32,NULL,NULL,0
506,BB01,138,235,2014-06-23 17:06:29,2014-06-23 17:06:29,Quanser BB01.jpg,image/jpeg,28340,2014-06-23 17:06:29,NULL,NULL,0
507,FreeAgent FW,99,6,2014-07-23 15:31:34,2014-07-23 15:31:34,Seagate Freeagent FW.jpg,image/jpeg,53877,2014-07-23 15:31:33,NULL,NULL,0
508,15MF227B,147,7,2014-07-23 15:40:31,2014-07-23 15:40:31,Magnavox 15MF227B.jpg,image/jpeg,25161,2014-07-23 15:40:31,NULL,NULL,0
509,Catalyst 3750X-48P-S,95,199,2014-07-24 16:28:29,2014-07-24 16:28:29,Cisco Catalyst 3750X-48P-S.png,image/png,184419,2014-07-24 16:28:28,NULL,NULL,0
510,G-S350SU,135,6,2014-07-24 19:08:36,2014-07-24 19:08:36,Macally G-S350SU.jpg,image/jpeg,36969,2014-07-24 19:08:36,NULL,NULL,0
511,PTH451,143,233,2014-07-30 13:16:34,2014-07-30 13:26:51,Wacom PTH451.jpg,image/jpeg,40182,2014-07-30 13:26:51,NULL,NULL,0
512,PTH651,143,233,2014-07-30 13:30:22,2014-07-30 13:30:22,Wacom PTH651.png,image/png,60614,2014-07-30 13:30:22,NULL,NULL,0
513,Catalyst 2960-24TC-L,95,199,2014-08-08 18:30:40,2014-08-08 18:30:40,Cisco Catalyst C2960-24TC-L.jpg,image/jpeg,17806,2014-08-08 18:30:40,NULL,NULL,0
514,Kace K2100S,4,16,2014-08-20 20:18:27,2014-08-20 20:18:27,Dell Kase K2100S.jpg,image/jpeg,16506,2014-08-20 20:18:27,NULL,NULL,0
515,Digitizer,148,182,2014-08-21 12:44:12,2014-08-21 12:44:12,MakerBot Digitizer.jpg,image/jpeg,206791,2014-08-21 12:44:12,NULL,NULL,0
516,Kace K1100S,4,16,2014-08-21 13:54:12,2014-08-21 13:54:12,Dell Kase K1100S.jpg,image/jpeg,16506,2014-08-21 13:54:12,NULL,NULL,0
517,91150V Reference Cell,20,237,2014-08-25 18:52:58,2014-08-25 18:52:58,Newport 91150V.png,image/png,79241,2014-08-25 18:52:58,NULL,NULL,0
518,PVIV-5A,33,238,2014-08-25 18:53:49,2014-08-25 19:16:53,Newport Oriel PVIV-5A.png,image/png,164746,2014-08-25 18:53:49,NULL,NULL,0
519,Oriel 94063A 6X6,20,236,2014-08-25 18:55:06,2014-08-25 18:55:06,Newport Oriel.jpg,image/jpeg,136677,2014-08-25 18:55:06,NULL,NULL,0
520,2-ways Articulation Endoscope,149,239,2014-08-26 12:59:20,2014-08-26 12:59:20,HandyScopes Endoscope.jpg,image/jpeg,18607,2014-08-26 12:59:20,NULL,NULL,0
521,Galaxy Note 10.1,73,30,2014-09-05 13:38:20,2014-09-05 13:38:20,Samsung Galaxy Note.jpg,image/jpeg,943124,2014-09-05 13:38:20,NULL,NULL,0
522,HP Laserjet 500 M575,26,113,2014-09-09 15:39:23,2014-09-09 15:39:23,c03270463.jpg,image/jpeg,22860,2014-09-09 15:39:23,NULL,NULL,0
523,Gear2,73,240,2014-09-09 18:57:21,2014-09-09 18:57:21,Samsung Gear2.jpg,image/jpeg,874846,2014-09-09 18:57:20,NULL,NULL,0
524,G Watch,124,240,2014-09-09 19:07:25,2014-09-09 19:07:25,LG G Watch.png,image/png,206807,2014-09-09 19:07:25,NULL,NULL,0
525,Galaxy S5,73,2,2014-09-10 19:52:51,2014-09-10 19:52:51,Samsung Galaxy S5.jpg,image/jpeg,45106,2014-09-10 19:52:50,NULL,NULL,0
526,P2314T,4,227,2014-09-15 15:29:57,2014-09-15 15:29:57,p2314t.jpg,image/jpeg,4858,2014-09-15 15:29:57,NULL,NULL,0
527,My Passport Ultra 2TB,118,6,2014-09-15 15:58:02,2014-09-15 15:59:48,passport.jpg,image/jpeg,7060,2014-09-15 15:58:02,NULL,NULL,0
528,Galaxy Note Pro 12.2,73,30,2014-09-16 13:09:06,2014-09-16 13:09:06,Samsung Galaxy Note Pro.jpg,image/jpeg,36622,2014-09-16 13:09:06,NULL,NULL,0
529,Tegra Note 7,150,30,2014-09-16 13:40:26,2014-09-16 13:40:32,EVGA Tegra Note 7.jpg,image/jpeg,38763,2014-09-16 13:40:32,NULL,NULL,0
530,P2714T,4,227,2014-09-16 16:45:38,2014-09-16 16:45:38,p2314t.jpg,image/jpeg,4858,2014-09-16 16:45:38,NULL,NULL,0
531,47WT30MS,124,227,2014-09-16 17:09:50,2014-09-16 17:09:50,LG 47WT30MS-B.jpg,image/jpeg,27716,2014-09-16 17:09:50,NULL,NULL,0
532,E7240,4,4,2014-09-22 11:48:18,2014-09-22 11:48:18,e7240.jpg,image/jpeg,39624,2014-09-22 11:48:18,NULL,NULL,0
533,OptiPlex 9020,4,3,2014-10-09 15:01:07,2014-10-09 15:01:07,Dell Optiplex 9020.jpg,image/jpeg,12261,2014-10-09 15:01:06,NULL,NULL,0
535,ASA 5585-x,95,241,2014-10-17 19:05:59,2014-10-17 19:07:45,Cisco_5585.jpg,image/jpeg,27270,2014-10-17 19:07:45,NULL,NULL,0
536,XT3,4,4,2014-10-29 17:58:33,2014-10-29 17:58:33,dell-latitude-xt3-tablet1.jpg,image/jpeg,27134,2014-10-29 17:58:33,NULL,NULL,0
537,LaserJet 4240n,26,113,2014-11-03 14:20:10,2014-11-03 14:35:35,HP LaserJet 4240n.jpg,image/jpeg,34850,2014-11-03 14:35:35,NULL,NULL,0
538,Ipad Air,15,30,2014-11-06 15:13:50,2014-11-06 15:13:50,Ipad Air.jpg,image/jpeg,224492,2014-11-06 15:13:50,NULL,NULL,0
539,Latitude E6440,4,4,2014-11-14 15:28:02,2014-11-14 15:28:02,Dell Latitude E6440.jpg,image/jpeg,91648,2014-11-14 15:28:02,NULL,NULL,0
540,LaserJet Pro 400 color Printer M451dn,26,113,2014-11-24 13:47:44,2014-11-24 13:47:44,HP LaserjetPro 400 M451DN.png,image/png,1751084,2014-11-24 13:47:44,NULL,NULL,0
541,X240 Laptop,139,4,2014-12-04 15:28:27,2014-12-04 15:28:27,x240.jpg,image/jpeg,6322,2014-12-04 15:28:27,NULL,NULL,0
542,Brix S,151,225,2014-12-12 15:58:38,2014-12-12 15:58:38,Gigabyte Brix S.jpg,image/jpeg,37659,2014-12-12 15:58:38,NULL,NULL,0
543,CoolPix P500,152,242,2015-01-06 13:17:20,2015-01-06 13:27:51,Nikon P500.jpg,image/jpeg,33971,2015-01-06 13:17:20,NULL,NULL,0
544,Kinect,153,242,2015-01-07 20:16:04,2015-01-07 20:16:04,Microsoft Kinect for Windows.jpg,image/jpeg,88762,2015-01-07 20:16:04,NULL,NULL,0
545,WiFi Pineapple,154,198,2015-01-07 20:26:08,2015-01-07 20:26:08,Wifi Pineapple.jpg,image/jpeg,68264,2015-01-07 20:26:08,NULL,NULL,0
546,Latitude E7440,4,4,2015-01-08 20:03:57,2015-01-08 20:04:05,Dell-Latitude-E7440.jpg,image/jpeg,16475,2015-01-08 20:04:05,NULL,NULL,0
547,Precision T7610,4,3,2015-01-21 12:19:33,2015-01-21 12:19:33,Dell Precision T7610.jpg,image/jpeg,74721,2015-01-21 12:19:33,NULL,NULL,0
548,FML-15-M,28,243,2015-02-12 17:01:09,2015-02-12 17:01:09,Optilab_FML-15-M.png,image/png,108093,2015-02-12 17:01:09,NULL,NULL,0
549,F5D8235-4,155,198,2015-02-18 17:19:21,2015-02-18 17:19:21,Belkin Wireless Router fD8235.jpg,image/jpeg,7794,2015-02-18 17:19:21,NULL,NULL,0
550,U2413f,4,7,2015-03-05 18:41:09,2015-03-05 18:41:20,dell-ultrasharp-u2413.jpg,image/jpeg,34662,2015-03-05 18:41:20,NULL,NULL,0
551,SoundStation2W,156,244,2015-03-30 19:46:04,2015-03-30 19:46:04,Polycom Soundstation_2W.jpg,image/jpeg,47984,2015-03-30 19:46:04,NULL,NULL,0
552,ELURA 100,129,25,2015-04-01 14:48:58,2015-04-01 14:48:58,Canon ELURA 100.png,image/png,27100,2015-04-01 14:48:58,NULL,NULL,0
553,RND2120,157,245,2015-04-07 15:57:36,2015-04-07 15:57:36,Netgear RND2120.jpg,image/jpeg,663903,2015-04-07 15:57:35,NULL,NULL,0
554,PN-L703A,158,227,2015-04-10 19:18:48,2015-04-10 19:18:48,Sharp PN-L703A.jpg,image/jpeg,20909,2015-04-10 19:18:48,NULL,NULL,0
555,CTL-460,143,233,2015-06-30 18:55:51,2015-06-30 18:55:51,wacomctl460.jpg,image/jpeg,4399,2015-06-30 18:55:51,NULL,NULL,0
556,SRD00F1,99,6,2015-07-10 21:23:56,2015-07-10 21:26:46,Segate SRD00F1.jpg,image/jpeg,35651,2015-07-10 21:26:46,NULL,NULL,0
557,PowerShade 2kW,159,246,2015-07-30 20:08:59,2015-07-30 20:08:59,PowerFilm_PowerShade2kW.jpg,image/jpeg,246974,2015-07-30 20:08:59,NULL,NULL,0
558,E1914HF,4,7,2015-08-03 20:02:48,2015-08-03 20:02:48,Dell E1914HF.jpg,image/jpeg,4243,2015-08-03 20:02:48,NULL,NULL,0
559,BR-01,160,247,2015-08-12 18:47:20,2015-08-12 18:47:20,RethinkRobots BR-01.jpg,image/jpeg,270788,2015-08-12 18:47:19,NULL,NULL,0
560,VLP-16,89,183,2015-09-01 11:51:57,2015-09-01 11:51:57,Velodyne VPL-16.jpg,image/jpeg,43551,2015-09-01 11:51:57,NULL,NULL,0
561,Phantom 3 Professional,161,248,2015-09-01 12:31:27,2015-09-01 12:31:27,DJI Phantom-3.jpg,image/jpeg,36487,2015-09-01 12:31:27,NULL,NULL,0
562,Catalyst 6509E,95,199,2015-09-02 18:07:49,2015-09-02 18:07:49,CiscoCatalyst 6509.jpg,image/jpeg,38923,2015-09-02 18:07:49,NULL,NULL,0
563,Latitude 7350,4,30,2015-09-04 16:35:52,2015-09-09 17:01:34,Dell_7350a.jpg,image/jpeg,4168,2015-09-04 16:35:51,NULL,NULL,0
564,GB-BXi7-4770R,151,225,2015-09-17 15:29:25,2015-09-17 15:29:25,gigabyte-brix-pro-bxi7-4770r.jpg,image/jpeg,677296,2015-09-17 15:29:25,NULL,NULL,0
565,Precision 6800,4,4,2015-09-18 18:25:08,2015-09-18 18:25:08,dell-precision-m6800.jpg,image/jpeg,10608,2015-09-18 18:25:08,NULL,NULL,0
566,DK2-V2,162,249,2015-09-21 14:36:21,2015-09-21 14:36:21,Oculus KD2-V2.jpg,image/jpeg,26750,2015-09-21 14:36:21,NULL,NULL,0
567,U2913WM,4,7,2015-09-23 18:47:38,2015-09-23 18:47:38,Dell U2913WM.jpg,image/jpeg,19712,2015-09-23 18:47:38,NULL,NULL,0
568,ASA 5525,95,241,2015-09-28 15:25:39,2015-09-28 16:51:34,Cisco 5525.png,image/png,135322,2015-09-28 16:51:33,NULL,NULL,0
569,TM-1P,54,89,2015-09-29 14:25:11,2015-09-29 14:25:11,Haas TM-1P.jpg,image/jpeg,47397,2015-09-29 14:25:11,NULL,NULL,0
570,ZCLONE_F-ZXi,163,223,2015-10-09 15:36:44,2015-10-09 15:36:44,Zclone_xi.jpg,image/jpeg,185164,2015-10-09 15:36:43,NULL,NULL,0
571,USRP X310,164,250,2015-10-14 18:13:48,2015-10-14 18:13:48,Ettus USRP X310.jpg,image/jpeg,89797,2015-10-14 18:13:48,NULL,NULL,0
572,8110A,10,65,2015-10-23 11:12:09,2015-10-23 11:12:09,Agilent_HP_8110A.jpg,image/jpeg,23271,2015-10-23 11:12:09,NULL,NULL,0
573,AirCard 781S,157,252,2015-11-10 14:09:57,2015-11-10 14:11:47,NetgearAirCard781S.png,image/png,958608,2015-11-10 14:10:57,NULL,NULL,0
574,PowerConnect 8132F,4,199,2015-12-08 14:46:52,2015-12-08 14:46:52,pc_8132f.jpg,image/jpeg,77946,2015-12-08 14:46:52,NULL,NULL,0
575,VNX 5400DPE,165,127,2015-12-08 17:15:36,2015-12-09 20:31:01,VNX-VNX5400-IMG-01.png,image/png,77324,2015-12-08 17:15:36,NULL,NULL,0
576,VNX 5400DAE,165,127,2015-12-09 20:31:53,2015-12-09 20:31:53,VNX-VNX5400-IMG-01.png,image/png,77324,2015-12-09 20:31:53,NULL,NULL,0
577,LaserJet 1200,26,113,2015-12-15 19:54:40,2015-12-15 19:54:40,HP LaserJet 1200.jpg,image/jpeg,109923,2015-12-15 19:54:40,NULL,NULL,0
578,P3AT,166,253,2015-12-17 13:07:48,2015-12-17 13:07:48,Pioneer3AT.gif,image/gif,15948,2015-12-17 13:07:48,NULL,NULL,0
579,Pioneer 2,167,253,2015-12-17 15:22:46,2015-12-17 15:22:46,Pioneer3AT.gif,image/gif,15948,2015-12-17 15:22:46,NULL,NULL,0
580,Sprinter,168,254,2016-02-22 13:50:46,2016-02-22 13:50:46,Dodge Sprinter.jpg,image/jpeg,34719,2016-02-22 13:50:46,NULL,NULL,0
581,C3760dn,4,113,2016-03-01 17:19:22,2016-03-01 17:19:22,Dell C3760dn.jpg,image/jpeg,6650,2016-03-01 17:19:22,NULL,NULL,0
582,AIR-CAP1702I-A-K9,95,255,2016-03-11 16:07:30,2016-03-11 16:07:30,Cisco-AIR-CAP1702I-A-K9.jpg,image/jpeg,198082,2016-03-11 16:07:30,NULL,NULL,0
583,NP9870-S,169,4,2016-03-18 16:44:18,2016-03-18 16:44:18,Sager NP9870-S.png,image/png,210774,2016-03-18 16:44:15,NULL,NULL,0
584,GPX3800,170,256,2016-03-18 17:57:29,2016-03-18 17:57:29,Vytran GPX3800.jpg,image/jpeg,13872,2016-03-18 17:57:27,NULL,NULL,0
585,LDC400,170,257,2016-03-18 18:00:40,2016-03-18 18:00:40,Vytran LDC400.png,image/png,47850,2016-03-18 18:00:37,NULL,NULL,0
586,P2214H,4,7,2016-03-18 18:11:12,2016-03-18 18:11:12,Dell P2214H.jpg,image/jpeg,29013,2016-03-18 18:11:12,NULL,NULL,0
587,Apple-TV,15,202,2016-03-30 18:49:35,2016-03-30 18:49:35,Apple-TV.jpg,image/jpeg,129314,2016-03-30 18:49:34,NULL,NULL,0
588,Apollo M300,110,6,2016-04-05 11:40:38,2016-04-05 11:40:38,Apollo-Expert-M200.jpg,image/jpeg,40968,2016-04-05 11:40:38,NULL,NULL,0
589,Hero 4 Black,171,242,2016-04-06 16:34:18,2016-04-06 16:34:18,GoPro Hero4 Black.jpg,image/jpeg,268821,2016-04-06 16:34:17,NULL,NULL,0
590,2100,33,11,2016-04-12 14:29:19,2016-04-12 14:29:19,Keithley 2100.jpg,image/jpeg,52397,2016-04-12 14:29:19,NULL,NULL,0
591,P2414H,4,7,2016-05-02 17:48:51,2016-05-02 17:48:58,Dell 2414H.jpg,image/jpeg,72662,2016-05-02 17:48:58,NULL,NULL,0
592,Summit X670V,172,199,2016-05-05 14:59:48,2016-05-05 15:00:32,summit.jpg,image/jpeg,25111,2016-05-05 14:59:47,NULL,NULL,0
593,WS-C2960-24PC-S,95,199,2016-05-05 15:53:41,2016-05-05 15:53:41,Cisco Catalyst C2960-24PC-S.jpg,image/jpeg,69042,2016-05-05 15:53:40,NULL,NULL,0
594,Summit X650-24x,172,199,2016-05-05 16:08:52,2016-05-05 16:08:52,ExtremeNetworks-X650-24x.jpg,image/jpeg,6108,2016-05-05 16:08:52,NULL,NULL,0
595,ASA 5520,95,241,2016-05-11 15:21:46,2016-05-11 15:21:46,Cisco-ASA-5520.jpg,image/jpeg,58905,2016-05-11 15:21:45,NULL,NULL,0
596,Catalyst 2900 XL,95,199,2016-05-13 17:57:05,2016-05-13 17:57:05,Cisco Catalyst C2900-XL.jpg,image/jpeg,139383,2016-05-13 17:57:05,NULL,NULL,0
597,Thinkpad Edge,139,4,2016-05-13 18:25:46,2016-05-13 18:25:46,Lenovo Thinkpad Edge.jpg,image/jpeg,180427,2016-05-13 18:25:46,NULL,NULL,0
598,Satellite A215-S4817,108,4,2016-05-16 18:44:28,2016-05-16 18:44:28,Toshiba A215-S4817.jpg,image/jpeg,59197,2016-05-16 18:44:28,NULL,NULL,0
599,Catalyst 3560x 48Port 10G Module,95,199,2016-06-02 19:29:36,2016-06-02 19:29:36,c3560x-48p.jpg,image/jpeg,4277,2016-06-02 19:29:36,NULL,NULL,0
600,KX2-432,132,224,2016-06-13 11:48:59,2016-06-13 11:48:59,432.jpg,image/jpeg,2685,2016-06-13 11:48:59,NULL,NULL,0
601,Latitude E5470,4,4,2016-06-15 15:24:23,2016-06-15 15:24:23,Dell Latitude E5470.jpg,image/jpeg,31175,2016-06-15 15:24:23,NULL,NULL,0
602,GVR-Bot,173,258,2016-06-16 11:25:18,2016-06-16 11:40:53,TARDEC GVR-Bot.jpg,image/jpeg,300815,2016-06-16 11:40:53,NULL,NULL,0
603,Aspire E11,111,4,2016-07-01 13:44:48,2016-07-01 13:44:48,Acer Aspire E11.png,image/png,113933,2016-07-01 13:44:48,NULL,NULL,0
604,TurtleBot2,174,259,2016-07-01 13:45:33,2016-07-01 13:45:33,Clearpath Turtlebot2.jpg,image/jpeg,30063,2016-07-01 13:45:33,NULL,NULL,0
605,KC812W,65,99,2016-07-07 14:27:17,2016-07-07 14:27:17,kc812w.jpg,image/jpeg,29452,2016-07-07 14:27:16,NULL,NULL,0
606,Nexus 6P,175,2,2016-07-12 11:25:14,2016-07-12 11:25:45,Huawei Nexus 6P.jpg,image/jpeg,30692,2016-07-12 11:25:14,NULL,NULL,0
607,E232 M1N98AA,26,7,2016-07-14 18:41:38,2016-07-14 18:41:38,HP_E232_M1N98AA.png,image/png,103139,2016-07-14 18:41:38,NULL,NULL,0
608,55UH7700,124,202,2016-08-02 14:16:39,2016-08-02 14:16:39,LG55UH7700.jpg,image/jpeg,85050,2016-08-02 14:16:39,NULL,NULL,0
609,VisiFault,82,39,2016-08-15 16:58:36,2016-08-15 16:58:36,Fluke Visifault.jpg,image/jpeg,6129,2016-08-15 16:58:36,NULL,NULL,0
610,E5061B,176,39,2016-08-16 13:04:14,2016-08-16 13:04:14,NetworkAnalyzer.jpg,image/jpeg,98198,2016-08-16 13:04:14,NULL,NULL,0
611,G0064391,177,260,2016-08-24 14:39:15,2016-08-24 14:39:15,generac-guardian-series-11kw.jpg,image/jpeg,25915,2016-08-24 14:39:15,NULL,NULL,0
612,B2902A,176,261,2016-09-21 14:06:17,2016-09-21 14:06:17,Keysight B2902A.jpg,image/jpeg,129455,2016-09-21 14:06:17,NULL,NULL,0
613,U2415,4,7,2016-09-23 13:33:37,2016-09-23 13:33:37,dell-ultrasharp-U2415.jpg,image/jpeg,29948,2016-09-23 13:33:37,NULL,NULL,0
614,K10B,65,262,2016-10-07 13:23:12,2016-10-07 13:23:12,k10b.jpg,image/jpeg,31634,2016-10-07 13:23:12,NULL,NULL,0
615,Precision 7510,4,4,2016-10-07 14:36:09,2016-10-07 14:36:09,Dell Precision 7510.png,image/png,89201,2016-10-07 14:36:09,NULL,NULL,0
616,Millermatic 252,71,105,2016-10-27 19:12:36,2016-10-27 19:12:36,Millermatic 252.jpg,image/jpeg,831642,2016-10-27 19:12:36,NULL,NULL,0
617,E6520,4,4,2016-11-04 14:20:23,2016-11-04 14:20:23,Dell E6520.png,image/png,208633,2016-11-04 14:20:23,NULL,NULL,0
618,Predator 17 G9-791,111,4,2016-11-04 14:52:05,2016-11-04 14:52:05,Acer Predator 17.jpg,image/jpeg,29954,2016-11-04 14:52:05,NULL,NULL,0
